index,batch_idx,hit_id
0,488,302U8RURJZ1NPRGLU6DW0U2FV6HNV1
1,489,3K8CQCU3KE104GGQKGISMWLT2FJNWB
2,490,3P520RYKCH6JMNLFLG75AR0AQE95U5
3,491,3MGHRFQY2LP18PJJYBYIWHAW5U8Y0A
4,492,3O4VWC1GEW67USNHVYFYOSTFV2K3JH
5,493,3QREJ3J433XJLGJOJPJALTN9ADALKB
6,494,3HA5ODM5KASK548Q22UIZOCLI5PSVI
7,495,3QQUBC64ZEEFTGLGULEEOFZ0BHPNX4
8,496,30P8I9JKOILJZ2AFQ6HA6D2T4LI5VU
9,497,3L21G7IH47W1FE41UU2IAMT6AMEY1D
10,498,3KVQ0UJWPXLWERAKGGM6SFL7BUK5W4
11,499,329E6HTMSW225CTZDJFAP7TSARK3KG
12,500,3VAOOVPI3ZSU5M164PVB0T0OZDFLLE
13,501,3QD8LUVX4XYB3RFAQLISUYZEKWQ5XX
14,502,36AZSFEYZ40LOIRORG8N9Z2LEH3VBK
15,503,388FBO7JZRT4TLBQZH0G7T69DNJNYA
16,504,3EKTG13IZU3EB4JR41WQ06FDZI5LMG
17,505,38VTL6WC4AD03W5KVH4UDC6NM2K5Y3
18,506,3DZKABX2ZI54YNJU5G4IKJ83W23VCR
19,507,37MQ8Z1JQEW84ZMXDY2WF53B2SSY2U
20,508,31GN6YMHLPSXKT8VSCZELQVZPERSWS
21,509,3QGTX7BCHP208MFPR36DRJFPSWO5ZU
22,510,3JVP4ZJHDPSFIP4EUTCFATG8FBB0I7
23,511,32K26U12DNOE3FP85CZT4PQLH2FVDR
24,512,37SOB9Z0SSXDPIBHYJRB4767ZRP3LJ
25,513,3J9UN9O9J3SBD0OKCBXFMUV8SQ00JJ
26,514,3RBI0I35XE3XPHIGHYG1YF8386SY35
27,515,3OPLMF3EU5NKTM4RG2BQDL4D48FLNG
28,516,37Y5RYYI0P5C9TDL2HV0N996YGXSXL
29,517,3NI0WFPPI9GZP59DSS3QDQQ36KG60J
30,518,3Q2T3FD0ON8XV0T2YVSQ4KLWZWF3ML
31,519,3XEDXEGFX3O6OKU2UWXRN9VL7F00KI
32,520,3THR0FZ95PT2B743HHB3SA4IUIKLOV
33,521,307L9TDWJYS3DIE2AW7QHZAW4MP3NL
34,522,3MYASTQBG7BMY7TRJD5JY2RD0A0QDS
35,523,3M4KL7H8KVNZWUUVOB7QRV9DBCM61M
36,524,3G3AJKPCXLSI7D1KHCLK8K09M6OY4Q
37,525,37G6BXQPLQLRQD7RF8G34K9Y0M1QEL
38,526,3N2YPY1GI6YJVL3817ADA786HEGVEK
39,527,35ZRNT9RUIYLV3EEBB73WOA1UWU3O0
40,528,3PGQRAZX02K19Y3V7DH26NGF0MRSYR
41,529,35YHTYFL1G3B1Z34WIUJSPT6TFVVF2
42,530,38O9DZ0A62N6LFCR7F74WEJI3I0623
43,531,3PCPFX4U40QJWR7NAJ09M2UYCNGQF3
44,532,32XN26MTXZJH8QCKFW9S2980WF50LL
45,533,38VTL6WC4AD03W5KVH4UDC6NM2JY5V
46,534,371Q3BEXDH91EOD03ZJLKUPH6GVSZI
47,535,3LN50BUKPVBKW7G4WHOIHA984NGLPC
48,536,3X55NP42EOG3G3QFQBKILOFR41Q3PH
49,537,38F60IALAGH5R3KPO5BJO0IHQSQT0G
50,538,31HLTCK4BLVHFZZZ7201AATIUUVVG1
51,539,30EV7DWJTVVWM05Y00EZ5IKNIXUY6B
52,540,3LVTFB9DE5IPAR3IL36R4NUAD2GQG2
53,541,3KLL7H3EGD1VFVUAR8IJVA5J9U8VH0
54,542,33J5JKFMK6YOGFRUQOZ7LT519XC3Q8
55,543,3JGHED38EDRFQ0J3JAJRBWKJD8EY7A
56,544,3QTFNPMJC6I4YBLVV32ZL0FBJHNNZ1
57,545,3L7SUC0TTUU1E8U5F8A72MNPWKV0MN
58,546,3HJ1EVZS2OJOSG6U33O7QJF65JE3R9
59,547,3L2OEKSTW9AJQEOMTFBXPWGEOSKY8X
60,548,3VCK0Q0PO5E7WQF5R9P7F1CP1A50NN
61,549,3R15W654VDT5WJHJWU37HFZI9J2LQ3
62,550,304QEQWKZPKPEBFHSOPKUQCURK9O0P
63,551,379OL9DBSSEJ4J7WY7HBPSBP8Y2Y9M
64,552,3HFWPF5AK9J0TV67ISOCGTK2RLX3SX
65,553,3SD15I2WD2UV6X8ABFL9FOOA9W063E
66,554,34ZTTGSNJXO3ANYT59O9PN6BS2TQH1
67,555,304QEQWKZPKPEBFHSOPKUQCURKA0O2
68,556,3E9VAUV7BWEX92H1QDVBLNM9EGKYA1
69,557,3H5TOKO3D9JGOTREBTQSPTGGNWW64Z
70,558,3ZQA3IO31BRPL00ZO7TK8VV4WCFO1S
71,559,371QPA24C2O5YS57KOFJ251RVKWT1J
72,888,3DA79LNS59V18VJM7ST2QYGOT4B3TM
73,889,3EGKVCRQFWS2SCMTWRV7GY6FWY5YBW
74,890,3OLZC0DJ8JFVBQ5UXQ04VM6Y97NVIT
75,891,39XCQ6V3KY4YKCVEPY92ULMUNSR654
76,892,3LAZVA75NIRWALIV7BTYDE59OITO29
77,893,3TLFH2L6Y9OCNDN33SFX7OBWNQAT20
78,894,3L55D8AUFAXL2HEZARR2RICXEJ5YC3
79,895,3511RHPADVE58KWJ99S7M59N554LR4
80,896,3SA4EMRVJV27ZBRI7O2ZJQHK1P60PJ
81,897,38LRF35D5LWG88YB7XJCVU2QCII3UD
82,898,3DA79LNS59V18VJM7ST2QYGOT4AT3B
83,899,3OZ4VAIBEXFR61P0F8L47NLYMMCVJ5
84,900,35XW21VSVGEH9ZWWOYSCCFEJR7NLSS
85,901,35ZRNT9RUIYLV3EEBB73WOA1UWTO3K
86,902,3YO4AH2FPDKSZNSX71HOJV7U6LS0QA
87,903,38Z7YZ2SB3236I9DBR6UPZ7QSF8QIU
88,904,322ZSN9Z5GKMQR2Q76YL038U746T4W
89,905,3URJ6VVYUPN6DZXIBPCM6T278WPO45
90,906,3AQN9REUTFGV79KDANMDBOUFZJHYD3
91,907,3CO05SML7V5SBO7XKG6OOLHZ27U0RB
92,908,38DCH97KHH2Z1TTJT9RU10MQ5UXQJ6
93,909,324N5FAHSXBMHLVIXTLG82LB1BCVK4
94,910,31GECDVA9JMU3GVSUHJ7MR0UJN266K
95,911,3UUIU9GZC554MA6QLBHV5VE8701T51
96,912,3CKVGCS3PG54C37AZ56TEVMVO9D0SZ
97,913,37NXA7GVST6X1RD0ITXHN2YQQBHVL7
98,914,3QX22DUVOOHH79VLI5YWNFDFQG7VM9
99,915,38F60IALAGH5R3KPO5BJO0IHQSR0TO
100,916,3MDKGGG61QN05E64QUR0X1S83VCT6H
101,917,33QQ60S6ASIKRGZEOA1TTW4J96Y0UF
102,918,31S7M7DAGGQIOZ9BDYX2MKA5TQ1LTH
103,919,35F6NGNVM8JJ9EK994WS3FS4Y6WT7G
104,920,3MIVREZQVHYUCDZ1BUR62FM3KJXQK5
105,921,3KI0JD2ZU1ID7G9XDROZS50QEYM67J
106,922,3J5XXLQDHMBGLNNBCNTHRG49QPR3V2
107,923,3EAWOID6MTXK4VOET0BYPI62ND70V4
108,924,3W3RSPVVGSRXOCO0D3NCRGW7C48LU8
109,925,371DNNCG442N9SPSJ9OYHFOZ9Q2T83
110,926,3V8JSVE8YYQ0ZFYD6IXXH6C0ZVIYEW
111,927,302U8RURJZ1NPRGLU6DW0U2FV6HVN9
112,928,33BFF6QPI1BT0CNG2XYDDINNXYT3WC
113,929,37NXA7GVST6X1RD0ITXHN2YQQBHLVX
114,930,3R15W654VDT5WJHJWU37HFZI9J2QL8
115,931,3M47JKRKCX1H7UEGNWG565WLPIS686
116,932,3MJ28H2Y1E8O9I1IPUVWBL8L8SKO5A
117,933,3RTFSSG7T86AGGD5832D94H4XKJLW7
118,934,3ABAOCJ4R84P21Z4W64MHSE79OSQMA
119,935,3D42WVSDH8VS5TY91TH3ZOX0BWXYFE
120,936,39TX062QX1O8PCS6C2UZF11U60Z3X5
121,937,38B7Q9C28G5HLZXQSOMJ61RW9OA69V
122,938,3KG2UQJ0MJOVKJK487JMU737EE2QNA
123,939,39N6W9XWRDNYJTU4CDNLH9XCCBXYGD
124,940,3RBI0I35XE3XPHIGHYG1YF8386T3YB
125,941,3E24UO25QZQKSM1WUD513RML4NVO6Q
126,942,35U0MRQMUJ757CGXVLD9FJ2KLGMVOO
127,943,39WICJI5ATSXU7SLDKIKCMH5E0X3Z2
128,944,3T8DUCXY0N6NNX82O1UCHBJATWKT9S
129,945,3X4Q1O9UBHM3WMF1DNAT95MHZYFO7P
130,946,3XBXDSS888JP5GIVI8YZBNVB6MPLX0
131,947,3FBEFUUYRK5VQI7VKU0J2W2GF6S6AA
132,948,3X0EMNLXEPPNSCSYALQO4J7AVLIVP5
133,949,3YGE63DIN8XXJKOJJAGUBKPGUM90WE
134,950,308KJXFUJR61SGI7G78CD6UUZE2TA7
135,951,3ZQX1VYFTD57W0KKNS2ZN5ICAILO8C
136,952,3FI30CQHVKJ09SCNQ80FX7MMXOD6B5
137,953,337F8MIIMZDLAI5Z94ABGS6PATA40W
138,954,3FTID4TN8LYE5L85N4K1U12K8SJLY6
139,955,3P888QFVX3UD24KG9MJZ9W3C4O7QOP
140,956,3LXX8KJXPW97A53USK8DN1DNUO3O91
141,957,3M7OI89LVYOJJX4T48WA8RS4F9D6CC
142,958,34YWR3PJ28AC8KT9TFCGD33N3OF0X7
143,959,30F94FBDNRK6BQNZML888HE0HWNTB2
144,168,3XEIP58NL0NEABIAJQMK88BMEMNLZX
145,169,3SX4X51T809LFODZKQMDJWO706LOAG
146,170,33EEIIWHK778SOTDAY5D4OXK0H4VQW
147,171,374UMBUHN5PPLVF50L43J1KIZHNTC9
148,172,3SR6AEG6W5TCJPPFWJ53299DRBAYHC
149,173,3BS6ERDL937TOPA744RLSXAM09P6DC
150,174,3HEADTGN2PS84P8DNDUD9E7PW36VRX
151,175,3HEM8MA6H9CVN4WHOMWEYW82ET3QP6
152,176,3WPCIUYH1A8ZQNLJ0HZE3720KHZTD9
153,177,3WRKFXQBOB7CFK0Z21NO2LASROPYI5
154,178,32TZXEA1OLKLH7QH5NEBUXPZFLG41Z
155,179,3WA2XVDZEMHYGVO70Z25YFS70LQ6E5
156,180,3D5G8J4N5A4LK4L5R2Z89T87KO3VTA
157,181,3S4TINXCC0NQYYIRQ4M9E78DIO6OBB
158,182,3W5PY7V3UP78AVK5KJ8OEMPS43EYJH
159,183,3ODOP6T3ASKS6S8DOREPZGZ47RU42G
160,184,38G0E1M85M50KH0UR7PIEPU932AVU1
161,185,3L7SUC0TTUU1E8U5F8A72MNPWKUM08
162,186,3J06WJ78HNK0XWPUWXZNABWSH9JVVQ
163,187,3NSM4HLQNRUGNGXWOZB3Y1YCJPPQQX
164,188,3MGHRFQY2LP18PJJYBYIWHAW5U90YD
165,189,3ZTE0JGGCES983AX44I4PREV096OCI
166,190,3AA88CN98P33LFQN2480F1P5JSEYKG
167,191,31SIZS5W59FGZHCW1E033R8HFBRQRY
168,192,31ODACBENUFS0WC9G308T1DD1DAQSM
169,193,3OEWW2KGQJBJDVGB40DF9XWDL9IODI
170,194,3KTCJ4SCVG11LXFNBRE7GR6Z1C0M1B
171,195,39WSF6KUV2LO51UB0VOZFFEYLLJOEB
172,196,382GHPVPHSRHRA4WSRSUIQ4WD5U43R
173,197,341H3G5YF0E1DFTOUX01AOJYBOD0Z4
174,198,3XJOUITW8URTFWPO535Y369Z3WOQTB
175,199,36D1BWBEHN18AIXJUVELLAG4TIEM2S
176,200,3H781YYV6TI4ITZJWCAY9PKLKT0TE2
177,201,336OE47KI2KDCLPZM74JWDF6OILVW0
178,202,3Z3R5YC0P3NWO7ZFRNU4R75LWUFTFK
179,203,39O6Z4JLX2XS1LUPWC05YWTDXKRVXT
180,204,3SU800BH86S8F94D58V882V1MAVQU2
181,205,3E6L1VR4XWMQM9O3VAMBGXD7CM56FN
182,206,3Q2T3FD0ON8XV0T2YVSQ4KLWZWEM33
183,207,386659BNTLH4IJ8GMMR9IUZMY9010G
184,208,3R6RZGK0XFCH1QKZ18M7HA0MZQLVYZ
185,209,3FTID4TN8LYE5L85N4K1U12K8SJYLJ
186,210,3FULMHZ7OUXIDWC6Y9X9EPD2DWAM4O
187,211,3VMV5CHJZ8F227VA270M9S5XX9FTGJ
188,212,3XU80RHWHZG296N0S5XDSVW2R5Q44C
189,213,3Y3N5A7N4G9YB3QQNGLGUEH98X9YML
190,214,3EQVJH0T40LG23QLMDI4USHYC9STHI
191,215,388FBO7JZRT4TLBQZH0G7T69DNJYNL
192,216,39RRBHZ0AU1H6GU4XUOQVH9O5KPVZQ
193,217,33EEIIWHK778SOTDAY5D4OXK0H4QVR
194,218,3IQ9O0AYW6ZGYY15SV0PU4IDCM7TIB
195,219,3PMR2DOWOO1K5PR06AGNXN2GR1L45H
196,220,37SQU136V7O4P8TYI5V9WZIW31611J
197,221,3D0LPO3EABZMB6B20W0TMI6E3XOYO0
198,222,3H5TOKO3D9JGOTREBTQSPTGGNWW46X
199,223,3APP19WN71EW09KY6USTYIDJD156GM
200,224,356ZPKYPUHH4W6N3FWD8BIB4D2KYPH
201,225,3TCFMTM8HEOBETBU19VN1IS1V7K120
202,226,3WGZLY9VCHMGS3TVXJOJCB6D64F8D0
203,227,3YGE63DIN8XXJKOJJAGUBKPGUM8W09
204,228,3NKW03WTLM7L7DTI08A9QQGY7Q6QW1
205,229,3BKZLF990ZZPWIOIF9SXBN1EIY6YQ8
206,230,3HYV4299H0WLK97VTEZ3ITOY6GG8ET
207,231,3X2YVV51PU4XQ991FTKUPP8QZEEW1C
208,232,3PKVGQTFIHKP8J3ISOHXGDBJEK8YR9
209,233,3TTPFEFXCTKA05F9Q0ABJIPKS1I6HL
210,234,3ZUE82NE0A1DQN7ROPJ90B9YIHV8FB
211,235,3JMNNNO3B144FURXYXK8U8IVRKSW2T
212,236,3T2EL38U0MK0WDY8AD6VS9U5GSCQXU
213,237,307FVKVSYRFZST5JU3VKV7GCI7G47W
214,238,3RSBJ6YZECQGBFU7V685XXZYXMYOFT
215,239,3NBFJK3IOHIMPFQ26QENFIZAY1YOGS
216,648,3VDI8GSXAFTJ4N3MZ9PRIW9AJWV8GA
217,649,3BKZLF990ZZPWIOIF9SXBN1EIY6QY0
218,650,33BFF6QPI1BT0CNG2XYDDINNXYSW34
219,651,3PGQRAZX02K19Y3V7DH26NGF0MRYSX
220,652,36FFXPMST9O0PBLDQWW50IBBD1BOHR
221,653,3XT3KXP24ZYAW0QTWISWJUQZSEX6IE
222,654,3T5ZXGO9DEOP18YNBVUGPUAGOSAQZR
223,655,3D17ECOUOEV0ZB7D599SKSXT1LK13B
224,656,32TMVRKDGNY3S7A248NQ97C7TRM48J
225,657,3LB1BGHFL2W2OYGAWDMSGSC1255YTM
226,658,3EHIMLB7F7ZX4JYXJF793WLBYW88H9
227,659,3I4E7AFQ2KZCT9LBADLP65XDP1WTJN
228,660,3S37Y8CWI80EI86K2B3WNNFTBYOW4P
229,661,3CO05SML7V5SBO7XKG6OOLHZ27TR01
230,662,32TZXEA1OLKLH7QH5NEBUXPZFLG14W
231,663,3AFT28WXLF20L6WXWEEQ0UCQDEQOIK
232,664,3X7837UUADY6RBAZE0DWVV5Z5TM6JQ
233,665,3ULIZ0H1VA53DQUHJSXLZPVDFHB151
234,666,3O0M2G5VC6236CTC90T4937IDX4498
235,667,3GMLHYZ0LEXHOBVZWIC2LOY3LJCYUD
236,668,3ATYLI1PRT2WGHG3EWZQCVRQQTFOJW
237,669,3KVQ0UJWPXLWERAKGGM6SFL7BUJW5U
238,670,3BCRDCM0ODU12VGHWLD8WA5CKIM6KP
239,671,3M4KL7H8KVNZWUUVOB7QRV9DBCM16H
240,672,3CESM1J3EI3SXVAYLZWBKLZ77PUW6A
241,673,3GV1I4SEO9PCM1YZHLP9BAIR9IR6LS
242,674,3R6RZGK0XFCH1QKZ18M7HA0MZQLYV2
243,675,3IHWR4LC7DDX0E9HPXPU38MQY9N8I2
244,676,3W9XHF7WGKV74TRTSYL17KXQ4QWTKM
245,677,3BAKUKE49HCSIDSFGZAO2Q097ZZR14
246,678,3IV1AEQ4DRDTVPTN7FAUF91QBOC8JE
247,679,3OYHVNTV5TYRR1MLWHZ2DAR35IFOKV
248,680,3BC9H1KCYUCUGFK4RIR33CJ06ZNYWC
249,681,3Z56AA6EK40WSJGKHXQOBNXG9NH6MU
250,682,3566S7OX5DJI0U807LCIX9996N617G
251,683,3V0TR1NRVA2HBV3H16745YI2JFM4AN
252,684,3HUR21WDDUP95FPU1NNP5VX7F1TYX5
253,685,3XU9MCX6VOCZ7YABZ3A279AEZ5DR2L
254,686,39AYGO6AFFK2A11KTY5OO2MGEDR6NU
255,687,31S7M7DAGGQIOZ9BDYX2MKA5TQ1TLP
256,688,3VGET1QSZ0ZB1VO34913QZZ320EW79
257,689,3THR0FZ95PT2B743HHB3SA4IUIKOLY
258,690,3V7ICJJAZAGMU5897K7009281X74BI
259,691,3ZCC2DXSD74Y5KF46J9RO94GH7NYYB
260,692,3HJ1EVZS2OJOSG6U33O7QJF65JDR3W
261,693,37SDSEDIN92M08DJHQ4OB954H7C183
262,694,3K2CEDRACB12UHRWDAYHMXPUTVRTMR
263,695,3TZDZ3Y0JS6MEDWTMIA2B50F1DU19S
264,696,3E24UO25QZQKSM1WUD513RML4NW6O9
265,697,3W0KKJIARR9O69Z5P0A6GO13QDC8KD
266,698,36BTXXLZ2V89ACPY3HTQ0O7CJJ9R4H
267,699,30ZKOOGW2W60JW6YEOO270BZ7VC1A7
268,700,3HXCEECSQMTYAAP925BA2GDIN1RYZ2
269,701,306996CF6WK526BQK2OY2BV5PDX1B2
270,702,3X2LT8FDHWIF19TMEET94ZVYDKKW8W
271,703,37VUR2VJ6APOCB3WY2KTDV1N7YX1C9
272,704,3CRWSLD91K4MHPMOHTCISNJ7UNAOM0
273,705,3J9L0X0VDFMFFECWJ6ZN4VQ9XQ2W9L
274,706,3MWOYZD5WVOSZ77OTURI5287ZDKON0
275,707,3U74KRR67ML8CZCWPBDHZCEUYL1TNR
276,708,341H3G5YF0E1DFTOUX01AOJYBOCZ02
277,709,3Q9SPIIRWJMTKXM1BCDN0Q1T38KWA0
278,710,3Y3CZJSZ9KTR6VTYHMC05GDQJF4R5M
279,711,3ROUCZ907FUAHS70U9RVKR8CPNPOOF
280,712,31JUPBOORN4ZQFHNA0M7VOEIFDH8LG
281,713,368IUKXGA582DMDX9DIGSRRBESS6PQ
282,714,3WGCNLZJKF8YH39AYYF4X1J5SY91D9
283,715,3QMELQS6Y5BNPZTCM5M5XMRQFAFR62
284,716,3QGHA0EA0J0Y37RTHQDJV1LZLQ5WBV
285,717,32W3UF2EZOL54A0FLK3VBT8QJI74CP
286,718,3HY86PZXPYI399NAUTQO3J1QSAA1E2
287,719,39O0SQZVJN76TZ7H5FRX30RMALZR71
288,568,3KTZHH2ONIFJWXZ8ACNMV1T7FI78MI
289,569,3CMIQF80GNQNDYEC9QX5SWHLJOE6QH
290,570,3ZURAPD288NVFNN6P4AUL1MQ4BP1FK
291,571,3UYRNV2KITZPEFK8MD2M8GI7K8H8NI
292,572,3RHLQY6EDT4F926TLGY6VZQ84IJ4DP
293,573,33N1S8XHHML1K4E6QG41OT28GGIZ15
294,574,3QMELQS6Y5BNPZTCM5M5XMRQFAG6RI
295,575,3X52SWXE0X5HDCJZVQ9E6LRH3B5WC2
296,576,3EHVO81VN5LFTJECKUYUOMY3KQ21HI
297,577,3JU8CV4BRLCS2SJ1994A9RD2ZSLOPW
298,578,3BA7SXOG1JQATDC0FKJ3H0NHL55R8O
299,579,3QI9WAYOGQBZQETP1UMANWWM1CZ6S6
300,580,3RWB1RTQDJNPH0WL2SFEC5N2KNI8PE
301,581,3MQKOF1EE2ORI4PDVM4PQR9ZOBHWD2
302,582,338431Z1FLFDE5ZGM18ZEMDH0A9ORO
303,583,3XH7ZM9YX2UA7IVAKCPHHWIS5BNR9D
304,584,3CZH926SICEK18KTHB9Q1H8T4UK4EI
305,585,3IH9TRB0FBZFPEPWQCGFOYZIK3H1IB
306,586,3P7QK0GJ3TL89PW29K4FTCCD8MWZ2M
307,587,378G7J1SJLYWAA3DRHF9W9RKONIWEV
308,588,34HEO7RUG6UOC15FCI3HDRTCBT5RAS
309,589,3MDKGGG61QN05E64QUR0X1S83VD6TV
310,590,3P4ZBJFX2V3OGO39MSZFERCK0OXWFD
311,591,334ZEL5JX6FPFKZT1Q844WIDMCSOSC
312,592,3ZZAYRN1I6RQUKC8QQDUE1EZOV6TO6
313,593,3XABXM4AJ15AHCX025U3CADCPJ48Q5
314,594,3QGTX7BCHP208MFPR36DRJFPSWNZ5N
315,595,3UV0D2KX1MJC7MKPCMTWJZTTGVZ4F0
316,596,34O39PNDK68TVBA7IW3D82DITBQRBN
317,597,3BA7SXOG1JQATDC0FKJ3H0NHL568R6
318,598,3LN3BXKGC0VUUOZ4XC5XWCCW13XWGC
319,599,3IZVJEBJ6AKWRQF3WMGIJPTPORYZ63
320,600,3B623HUYJ4QMUSCDU9J87ASD77P8SU
321,601,34R3P23QHS18UKUFHINFHCOXG3AWHB
322,602,3BDORL6HKKDC5G2DWWZ8JMJ0BWQRCU
323,603,3IVEC1GSLPZBKP928U1F0ZEIXI61JN
324,604,3ZZAYRN1I6RQUKC8QQDUE1EZOV6OT1
325,605,371DNNCG442N9SPSJ9OYHFOZ9Q38TJ
326,606,3R5OYNIC2C98FKO95QQ931JPY02TPN
327,607,38RHULDV9YF8QF5ZN050HOPCGGPWI4
328,608,30Y6N4AHYPWMA88RWSUJ3S1IWW2RDU
329,609,39I4RL8QGJHWLIBV7CHWMK56WAC4HY
330,610,3XJOUITW8URTFWPO535Y369Z3WOTQE
331,611,3W0XM68YZPV6V9FKQF1R1EEVC761KM
332,612,3DIIW4IV8PVWHDMFDUZHMW6LWNR4IR
333,613,3LG268AV386R2EMRSN539AJ3W83REN
334,614,3BJKPTD2QCCTRX4OIIUY8WJ4ZIQTRF
335,615,33NOQL7T9OZJV4YRP1DG33PGUMOZ8P
336,616,35U0MRQMUJ757CGXVLD9FJ2KLGMOVH
337,617,385MDVINFCF4LQP55IQ0TP4CTVEWJG
338,618,31J7RYECZLQHFFX2BFDSGERA17B1LP
339,619,3PUOXASB573J99H1UTJU3ZKRES6Z9E
340,620,3P0I4CQYVY7IM1G2LVI51LLYSPOOWR
341,621,3ZVPAMTJWN3PMSIIYIVR9D4F9OIRG4
342,622,32CXT5U14G32954HJEE8MBA1S4A8UA
343,623,3KTCJ4SCVG11LXFNBRE7GR6Z1C11MR
344,624,3WUVMVA7OB3XESR6MZXUZUVBKAOZAT
345,625,3NZ1E5QA6Z14QOC9LPQA518M1T2B5U
346,626,3DW3BNF1GHI2MKTHO4ODIXCK6BJ8VZ
347,627,3UY4PIS8QRL73F0NNST7T6VZ62B1NR
348,628,3FI30CQHVKJ09SCNQ80FX7MMXODB6A
349,629,3HO4MYYR12OF5RLTQZHA2XEAM9K6UM
350,630,3BFF0DJK8XC5SC41X7U3Y6O0LK9TS3
351,631,3ZQA3IO31BRPL00ZO7TK8VV4WCG1O6
352,632,3W1K7D6QSBH2X2WYSDXQU5FH2S9ZBO
353,633,3RTFSSG7T86AGGD5832D94H4XKJWLI
354,634,3X2LT8FDHWIF19TMEET94ZVYDKL8W9
355,635,3RWO3EJELH9760C0376ZXV0U6HC1PN
356,636,3YKP7CX6G2FJDSQS9I573LMISZXB79
357,637,306W7JMRYYYND6VBJNXDHLID3J3B8W
358,638,37AQKJ12TXO67CHGM7ZT8BKMN3NTTS
359,639,33Q5P9PUSPML77O46DTL5PLZKD9ZCV
360,728,3MZ3TAMYTLN3IJODO6VUUPHVO1ARIW
361,729,3XAOZ9UYRZRS6CDF3KLOX0Q4BDY1QE
362,730,33K3E8REWWVUQ9YCOJPV6I95MMR8X2
363,731,3DWNFENNE3VSCO6LVCKHYXLL92G4J3
364,732,3CESM1J3EI3SXVAYLZWBKLZ77PV6WL
365,733,3MDWE879UH2NRBELOF3RHHDONPLB9L
366,734,3SBNLSTU6U5VCZUI69OWPV3H5DLZDV
367,735,3TD33TP5DL21WUOQGLHRDCO8T73BA0
368,736,3BAKUKE49HCSIDSFGZAO2Q097Z01RF
369,737,3MD8CKRQZZNZDU8J6OGU6QWV1GZRJ8
370,738,3TKSOBLOHLG6F4TIMZHN8N8EBPOBBV
371,739,32LAQ1JNT9PL7PW5MCP3D76O6HUTUJ
372,740,309D674SHZLPP9LO0ZDIJ7EWTAOBC2
373,741,3A3KKYU7P3HUMYVQ8F3S9HWTXP9WMK
374,742,3IWA71V4TIG7MVFOV4SXM4DEGR16XE
375,743,3VP28W7DUNKSAJ8EXFJMDV62HQ1ZF6
376,744,3PUV2Q8SV44ZU1R20V8T3DWEEA0BD2
377,745,33NOQL7T9OZJV4YRP1DG33PGUMP8ZZ
378,746,30EV7DWJTVVWM05Y00EZ5IKNIXV6YK
379,747,3R868ACW4SCYOJ498ZP4VG6EI51ZG5
380,748,3R16PJFTS3RNN8C3DXKTZCLYORG4K2
381,749,3D5G8J4N5A4LK4L5R2Z89T87KO3TV8
382,750,30IRMPJWDZJUOEE1O9G675W8G5ZRK7
383,751,3AC6MFV69KICOFZKS57MGGIFX5EZH4
384,752,3FULMHZ7OUXIDWC6Y9X9EPD2DWB4M7
385,753,3IZVJEBJ6AKWRQF3WMGIJPTPORZ6ZB
386,754,3P0I4CQYVY7IM1G2LVI51LLYSPOWOZ
387,755,3UDTAB6HH6ZM7OBBQZ62X0H5WLO90X
388,756,3PZDSVZ3J5HOVEX6AAC9R422IML4N7
389,757,3566S7OX5DJI0U807LCIX9996N671M
390,758,3B6F54KMR2C4JSSSVOATS055T1J1S3
391,759,3TZDZ3Y0JS6MEDWTMIA2B50F1DU910
392,760,3511RHPADVE58KWJ99S7M59N554RLA
393,761,3XBYQ44Z6P4YZTLAHC44VVRLRX5TWI
394,762,371QPA24C2O5YS57KOFJ251RVKX1TS
395,763,3FJ2RVH25Z6T3YEP5MAGGOAKTJ892H
396,764,3OB6JN3A9QPPE2E49LTMMIOC5AURMC
397,765,33TGB4G0LPHDOTQ0RH0QXE5S0ZBTXB
398,766,32CAVSKPCEPKY5KWKT5T71NTEY41UJ
399,767,3Z8UJEJOCZDIOGA89MOLZYFCZX893S
400,768,3S8APUMBJXJWSL5YR13JRDZZQNGBFD
401,769,3RQVKZ7ZRKJPPFQWQPCW2SJEYTK723
402,770,3ECKRY5B1QWCKAA4YNP7GSJUXITZIX
403,771,3MXX6RQ9EV5OYZ9JQPP1VT7XI1M4P3
404,772,3LB1BGHFL2W2OYGAWDMSGSC1255TYH
405,773,3RDTX9JRTY10PZBVBYRBCFRS4ZU97X
406,774,3BFNCI9LYKQEAXMFUPQ1L2O647K73E
407,775,3H6W48L9F4P071S30VVKQLQO2UKWPG
408,776,3SV8KD29L4S3Q50SYQAJT8Y7PMIZK8
409,777,367O8HRHKG8LBRPBI6TVQYC85LT4SJ
410,778,3M67TQBQQHOI819TI13VM6TI5709AO
411,779,3YGYP136419VWKZ4LM8MZXDCA04RNC
412,780,3NKW03WTLM7L7DTI08A9QQGY7Q6WQ7
413,781,33W1NHWFYHL2TOQFSZOBUZL38Z9TZ8
414,782,3XDJY5RK5SL1Q4HF7BOV5ZUWQIE4UZ
415,783,3B9XR6P1WEVCXNRUARU46BRRJUXBJG
416,784,3MDWE879UH2NRBELOF3RHHDONPL9BJ
417,785,33KGGVH24UHCF9ERPYGGR8MX8GL1XB
418,786,3SMIWMMK615DZ60ZHHUE0RDNABCWUC
419,787,3UXQ63NLAAMISDFUDC6HMQ4JNJ2BLI
420,788,338431Z1FLFDE5ZGM18ZEMDH0A9ROR
421,789,3INZSNUD80QG68C52BUXC71OQAX9DQ
422,790,3GONHBMNHVYYGT0VJ2NZ8LQBERDZMD
423,791,33N1S8XHHML1K4E6QG41OT28GGJ1Z8
424,792,3YLPJ8OXX8DT78BACGZIP6T0K0V4XR
425,793,336OE47KI2KDCLPZM74JWDF6OILWV1
426,794,3ICOHX7ENCB32K2SYAMOPEIGNI4E0C
427,795,3VLL1PIENQOMGWL7WI2C0PFG9RSZOS
428,796,3P520RYKCH6JMNLFLG75AR0AQE8U5T
429,797,3NRZ1LDP7W641WX8BIFRPPK6JWOZP9
430,798,3NC6WP7WJHKQRAP4CH9FIFYKVRNWWB
431,799,335VBRURDJ0LYEQ5Y65HIPJ9QMY9EJ
432,808,33KMQD9OFJEWBGN2W1TRYJ0M99677J
433,809,375VSR8FVW9PD9DNOAJGUKKLKECZR1
434,810,3N7PQ0KLI5PZJC1PHX47RCGNQUOE37
435,811,3L1EFR8WWT5D4SQ1THPN07492ND9F1
436,812,3S4TINXCC0NQYYIRQ4M9E78DIO7BOZ
437,813,3ZLW647WALV7OWP9OD96PB7YTRY23T
438,814,3HO4MYYR12OF5RLTQZHA2XEAM9JU69
439,815,3TUOHPJXYHX5GAUUMM51KYCR4TTWX4
440,816,33W1NHWFYHL2TOQFSZOBUZL38Z9ZTE
441,817,3HKIF5DF6YXJISMW41V5IS4L32D9G0
442,818,3KA7IJSNW658JYUS54ZO37D3ST3BPG
443,819,3ODOP6T3ASKS6S8DOREPZGZ47RU24E
444,820,30QQTY5GMKKY9RZY99M28BE6HK3U78
445,821,3Y7LTZE0YTMHT154S4ELZV75RDGZU5
446,822,3QO7EE372ONTJAV75HED3C3DXPPBQ7
447,823,3ULIZ0H1VA53DQUHJSXLZPVDFHB515
448,824,356TQKY9XFX0BUSL66LXCJWHKTC786
449,825,30OITAWPBQ3XIOH7O7DN3SGMI2Q9HZ
450,826,3G57RS03HH5A2BCD2WXZ485I7NP25J
451,827,3BC9H1KCYUCUGFK4RIR33CJ06ZNWYA
452,828,39RRBHZ0AU1H6GU4XUOQVH9O5KPZVU
453,829,38O9DZ0A62N6LFCR7F74WEJI3I026Z
454,830,34O39PNDK68TVBA7IW3D82DITBRBR8
455,831,32CXT5U14G32954HJEE8MBA1S49U8V
456,832,3CZH926SICEK18KTHB9Q1H8T4UKE4S
457,833,34YWR3PJ28AC8KT9TFCGD33N3OEX03
458,834,3TX9T2ZCB91UL5U9N4TMHJS2CTRZW4
459,835,34KYK9TV2R85WQAKXL3IYCIEFDABSW
460,836,33KGGVH24UHCF9ERPYGGR8MX8GKX16
461,837,30UZJB2POHCZNT8W6WB4NIAAD1P53X
462,838,3OJX0UFJ0Z72NANRO6KMM75CCARU9K
463,839,3RDTX9JRTY10PZBVBYRBCFRS4ZU79V
464,840,3TC2K6WK9G2TPTVF0U42GSF99DQ28L
465,841,30F94FBDNRK6BQNZML888HE0HWOBTL
466,842,3PMR2DOWOO1K5PR06AGNXN2GR1L54I
467,843,3YD0MU1NC21EUIL0345B8A2CAHC7AA
468,844,3FJ2RVH25Z6T3YEP5MAGGOAKTJ829A
469,845,3VQTAXTYN3LLB32OMQYIDD020AVBUC
470,846,34OWYT6U3WHXEJSRUPV834H1IF59IS
471,847,3VJ4PFXFJ37GSTXWGCYMI2GWIS9UAZ
472,848,36AZSFEYZ40LOIRORG8N9Z2LEH4BV1
473,849,34R0BODSP1Z2XROTVGS069E74QFE5X
474,850,3P458N04Q1HJ4UWN82GUWRW20MYX2N
475,851,3421H3BM9AHT9UCXC7G8F5W1VUU9J4
476,852,359AP8GAGGK2NXIYNI12E5S0AKX7CC
477,853,3QGHA0EA0J0Y37RTHQDJV1LZLQ6BWB
478,854,3HXCEECSQMTYAAP925BA2GDIN1RZY3
479,855,3I7KR83SNADOKEIFUSGKGKWEAJU9K3
480,856,3UUSLRKAUL3CSPOCNEWDYBAIVK97DC
481,857,3HEA4ZVWVDM218V0KFZX2F8URXG55N
482,858,39TX062QX1O8PCS6C2UZF11U60YX3Y
483,859,3ZICQFRS31IYF0ZEYRDTGNMKTVVZZU
484,860,3WYZV0QBFJDDS7WJRV95XKZ6USCBX4
485,861,3VQTAXTYN3LLB32OMQYIDD020AUUBU
486,862,3X878VYTIEI9Q928EKR3MBD37XP7FN
487,863,3MJ9GGZYO3678HOUXSOGCJL4Z1Q2AP
488,864,3YLPJ8OXX8DT78BACGZIP6T0K0UX4J
489,865,3NQUW096N68Z4K0XFSSLVK9TZJZ9L6
490,866,3WA2XVDZEMHYGVO70Z25YFS70LQE6D
491,867,3CVBMEMMXBGT45TE9AF3PWPGNC27HL
492,868,39KMGHJ4RZA4BUNYQ3N94PGCTHU00C
493,869,3QD8LUVX4XYB3RFAQLISUYZEKWPX5O
494,870,39XCQ6V3KY4YKCVEPY92ULMUNSR563
495,871,3GVPRXWRPHUT004YFSXOP8QVNPH7IE
496,872,3IWA71V4TIG7MVFOV4SXM4DEGR0X64
497,873,3R0WOCG21M9EQ0080MPO83O23V6UD1
498,874,3CIS7GGG65JJI6E8WH08EL6N377UEU
499,875,3FCO4VKOZ4DHKV2CJ97X4TS3VWAE7C
500,876,3W1K7D6QSBH2X2WYSDXQU5FH2SABZ1
501,877,31YWE12TE0CQQVTTEEXPSIDAB2KX73
502,878,3UEBBGULPFOBOKE4RSKEW3RNF8MUFC
503,879,3G9UA71JVVUPVBO4XAIO195V0467JQ
504,1288,3HYV4299H0WLK97VTEZ3ITOY6GGE8Z
505,1289,3MQY1YVHS3KCRRTM36OC7U5AHJB2BK
506,1290,389A2A304OIO5MIE2JGTZQID26RC0H
507,1291,33K3E8REWWVUQ9YCOJPV6I95MMQX8Q
508,1292,3QXFBUZ4ZKGH2KAZ2CQWEORZGNMUGB
509,1293,3PKJ68EHDNWMO0UGAJ40SMUPE72JH4
510,1294,335VBRURDJ0LYEQ5Y65HIPJ9QMYE9O
511,1295,3LVTFB9DE5IPAR3IL36R4NUAD2HGQT
512,1296,37VUR2VJ6APOCB3WY2KTDV1N7YXC1K
513,1297,360ZO6N6J1JJA2IIF4T0VXOIZOP9M8
514,1298,3TKXBROM5TAMKV50G1MLSYV4EKHJIX
515,1299,3UEDKCTP9VQK6VUMFVI02O58FT67KP
516,1300,3ZVPAMTJWN3PMSIIYIVR9D4F9OJGRU
517,1301,3TFJJUELSHPV1WLSH6K7IEBSZ4BC21
518,1302,3TY2U1TEB7AIF6P6YJ7L4ZA4RZ6JJ9
519,1303,360ZO6N6J1JJA2IIF4T0VXOIZOPM9L
520,1304,3D4BBDG7ZHWKMEHBL6YC1OGK5IBC3C
521,1305,3ACRLU860NE4M752WQJD9VEZEM1EBY
522,1306,3SZYX62S5G0HOC9J88EU0ZMQI3B572
523,1307,3D06DR5225JXFLSN7A70RSZ2567MA0
524,1308,3LXX8KJXPW97A53USK8DN1DNUO49ON
525,1309,32W3UF2EZOL54A0FLK3VBT8QJI7C4X
526,1310,3I7SHAD35MWFWJUP07VGH1XC4Y17MU
527,1311,3UL5XDRDNCJLOQE2ID60EZILTNH58P
528,1312,3ZRKL6Z1E831N7IVD7VWZN9BVQ2GSI
529,1313,3M7OI89LVYOJJX4T48WA8RS4F9DC6I
530,1314,3SCKNODZ0XGLE1FPC8AGUGMC9OB7NU
531,1315,3TFJJUELSHPV1WLSH6K7IEBSZ4B2CR
532,1316,3VMV5CHJZ8F227VA270M9S5XX9GGT7
533,1317,373L46LKP76DQQVOG47X5EAH6O6JK8
534,1318,3I01FDIL6M856OR6H2FI2KTAK4N2DR
535,1319,3D7VY91L65X2YVXFDO7WM3J8NOSMBV
536,1320,3QXFBUZ4ZKGH2KAZ2CQWEORZGNNGUY
537,1321,359AP8GAGGK2NXIYNI12E5S0AKXC7H
538,1322,3LEG2HW4UFN2485288A8QKWVWH32F2
539,1323,3D3B8GE892RPV5FV7KLSC1ID4T09P4
540,1324,31HLTCK4BLVHFZZZ7201AATIUUWGVN
541,1325,3GS542CVJVNL2VXCN5CEEVDWDTZ59E
542,1326,37VHPF5VYC36NBNHXNT8S5OVL43C84
543,1327,3HXK2V1N4KF8I81XJSGQ85W7XW32G1
544,1328,3KWGG5KP6J2L80PLRO3RXNPQ59SMC2
545,1329,3NSCTNUR2ZNZ7E7HFBQEAQOGJBH5AT
546,1330,3H1C3QRA01JNWCX8AQF8KFKHW71EC5
547,1331,3X4Q1O9UBHM3WMF1DNAT95MHZYG7O9
548,1332,3T2HW4QDUV761G6R2FZMS1J65ALC9T
549,1333,301KG0KX9CLMI4W83YY8T588CWG2H0
550,1334,3PA41K45VN4LHMR2SNN8Y5R793C7PQ
551,1335,3NZ1E5QA6Z14QOC9LPQA518M1T25BO
552,1336,3VO4XFFP15M6HYSHS02XYAHHEZY7QH
553,1337,341YLJU21IZMEZ7S9GGTTH9NC9V2IT
554,1338,3R5LWXWHR089JO4U7H1JYVQ3A54GXQ
555,1339,3JHB4BPSFK9AVHGA7X0HC68N9PM9QV
556,1340,39O0SQZVJN76TZ7H5FRX30RMAL07RI
557,1341,309D674SHZLPP9LO0ZDIJ7EWTAOCB3
558,1342,34F34TZU7WZI9ARYRY1T5IONPOK2J5
559,1343,3CVDZS288H0SBC9VIQTS5TAT2MKMFD
560,1344,3XH7ZM9YX2UA7IVAKCPHHWIS5BO9RW
561,1345,3CMV9YRYP31OAWD614JYKENWVOBJLB
562,1346,37YYO3NWHDQ8ZEDUEZ9DURKEBVOCCA
563,1347,3IKMEYR0LWVDKUXG9J156XO04DK2K4
564,1348,38EHZ67RIMSYPC5QTAZANEA531KMGC
565,1349,3UOMW19E6D6N0T4FZPM5GLE4JE25CV
566,1350,3VW0145YLYC8GEVR1GKDKR2LVT1JMD
567,1351,3N3WJQXELSQO40FYUJD6LX1FTDP2L7
568,1352,36MUZ9VAE62X143MAMAJ4L2ZH7DED5
569,1353,3XD2A6FGFNUM8XVNZ1PM76NORD79SK
570,1354,36D1BWBEHN18AIXJUVELLAG4TIF2M9
571,1355,3RIHDBQ1NEYCP801DGHS8EM6I1XMHB
572,1356,39N6W9XWRDNYJTU4CDNLH9XCCBYGYW
573,1357,351S7I5UG9WEYWGRDHZDX6RL0JBJND
574,1358,3H1C3QRA01JNWCX8AQF8KFKHW71CE3
575,1359,3R868ACW4SCYOJ498ZP4VG6EI52GZN
576,8,3ATYLI1PRT2WGHG3EWZQCVRQQTGJOS
577,9,3GITHABACYLES0IJ6WTLYP54Y8P2N9
578,10,3ZXV7Q5FJBOF2QX451ZE2X5H88GCFL
579,11,3FVBZG9CLJEFMUTUOBUUAHFTFYWH0V
580,12,32ZCLEW0BZKE1HS4TWC51VWG0YCJP9
581,13,3LAZVA75NIRWALIV7BTYDE59OIU2OO
582,14,3J94SKDEKIPX5LATZLHG0RWM4EE5DV
583,15,3VGZ74AYTGGLGQTZGL5WKI5T9NGCGK
584,16,3BAWBGQGYLZYM6OYEZW74XGPVRD7VB
585,17,3DGDV62G7O9EVLUWMB6D2EAZYNQ2P5
586,18,3EHVO81VN5LFTJECKUYUOMY3KQ2H1Y
587,19,34R0BODSP1Z2XROTVGS069E74QF5EO
588,20,3EKZL9T8Y8MZGMOA0RNE5IHUONTCHJ
589,21,3T8DUCXY0N6NNX82O1UCHBJATWL9T9
590,22,3JUDR1D0D6RZVXVBMOL22J093JC2QW
591,23,3MNJFORX8B4U35OPQRC6ORZ7GRU5F6
592,24,301KG0KX9CLMI4W83YY8T588CWGH2F
593,25,3IKDQS3DQE0ZCHZU695Z5UI9O08CIC
594,26,3909MD9T2ZHUZOHI1S59SL5KTKTEFG
595,27,3VW0145YLYC8GEVR1GKDKR2LVT1MJG
596,28,3KQC8JMJGCSB3MSR7YCDCFD0IAGH3Q
597,29,3XU9MCX6VOCZ7YABZ3A279AEZ5E2RX
598,30,3M93N4X8HKNBE98WLDGZW01RNIJJSP
599,31,3IYI9285WS0V7SJ0ORQZHVX91FXCJO
600,32,3OJX0UFJ0Z72NANRO6KMM75CCAS9U0
601,33,39I4RL8QGJHWLIBV7CHWMK56WACH4B
602,34,3I4E7AFQ2KZCT9LBADLP65XDP1XJTE
603,35,3W31J70BASWQICPI6CQBIAXMG4XCKN
604,36,3Z33IC0JC0M20PCRTWURIT7VQH19VP
605,37,31ANT7FQN82EH1FVLH06RCBKW67H5G
606,38,31MBOZ6PAOR12I70RC2CXAA1542CLQ
607,39,3OZ4VAIBEXFR61P0F8L47NLYMMDJVU
608,40,3TTPFEFXCTKA05F9Q0ABJIPKS1IH6W
609,41,3XQ4XW3OD9CB8DAOESA7XJFAL7X2SL
610,42,35JDMRECC490DODDCCBRA65WUZTEGF
611,43,385MDVINFCF4LQP55IQ0TP4CTVFJW4
612,44,3CVBMEMMXBGT45TE9AF3PWPGNC2H7V
613,45,31ANT7FQN82EH1FVLH06RCBKW675H4
614,46,3J9L0X0VDFMFFECWJ6ZN4VQ9XQ39WZ
615,47,3VGET1QSZ0ZB1VO34913QZZ320F7WL
616,48,3EN4YVUOUCSJAQUVFNMMV8IJ2XLJXX
617,49,391JB9X4ZY83RY19J1KPL62YAI1MKF
618,50,3RWO3EJELH9760C0376ZXV0U6HCP1B
619,51,3OND0WXMHWFEDK8OWIT9V6HX9Z6EHE
620,52,3W5PY7V3UP78AVK5KJ8OEMPS43FJY3
621,53,3EKTG13IZU3EB4JR41WQ06FDZI6MLI
622,54,31YWE12TE0CQQVTTEEXPSIDAB2L7XE
623,55,3DGDV62G7O9EVLUWMB6D2EAZYNQP2S
624,56,3EQPA8A374W8FLUAG5A7STYUAXJJZU
625,57,3U18MJKL1UMRQIAL3PIRA2EQAZ2CNS
626,58,3SNR5F7R92TE9FJ820BUVIIC9CLEI7
627,59,3X55NP42EOG3G3QFQBKILOFR41QP33
628,60,35A1YQPVFEGEDWQFRZIRROCZWJM5IX
629,61,3EHIMLB7F7ZX4JYXJF793WLBYW8H8I
630,62,3S1WOPCJFGTA4Q3EKIWU7JXCMRAEJJ
631,63,3MXX6RQ9EV5OYZ9JQPP1VT7XI1MP4O
632,64,3JGHED38EDRFQ0J3JAJRBWKJD8F7YK
633,65,35O6H0UNLSGA87AL9H3R3PRZ9YB5J9
634,66,3RZS0FBRWKART3MYJ4VJERJLAE3CPO
635,67,3PR3LXCWSFZU4EHMTBV96E4G6S99XS
636,68,30OITAWPBQ3XIOH7O7DN3SGMI2QH97
637,69,379OL9DBSSEJ4J7WY7HBPSBP8Y39YY
638,70,3BDORL6HKKDC5G2DWWZ8JMJ0BWRCRG
639,71,3XEDXEGFX3O6OKU2UWXRN9VL7F0K02
640,72,3EPG8DX9LKQ6UIDJ4U8B0LDBIXHP5T
641,73,3B9J25CZ25DO6V2QBLZD9WOWXYACS4
642,74,37ZQELHEQ0Y4Z4MCGEC5DYJ24D6MNK
643,75,366FYU4PTGP5FA9W23W68YXP1GAEKI
644,76,3CRWSLD91K4MHPMOHTCISNJ7UNBMOZ
645,77,3BPP3MA3TCKGZGREN387NYA4QGFELL
646,78,3W0XM68YZPV6V9FKQF1R1EEVC76K15
647,79,34XASH8KLQM42PYPWTPXHNOX4S7MPG
648,1048,3IKMEYR0LWVDKUXG9J156XO04DKK2M
649,1049,3UZUVSO3P7V05Y9ZNF9MNBPTQL5EMN
650,1050,3ABAOCJ4R84P21Z4W64MHSE79OTMQ7
651,1051,3JTPR5MTZSC5JRG3R23344RCONB5K8
652,1052,344M16OZKIF6NGUZZGOM0QETVBFENN
653,1053,368IUKXGA582DMDX9DIGSRRBESSP69
654,1054,31D0ZWOD0AZ0C7LGI5K2TVSP236A0D
655,1055,3BJKPTD2QCCTRX4OIIUY8WJ4ZIRRTE
656,1056,329E6HTMSW225CTZDJFAP7TSARKK3X
657,1057,36U4VBVNQOD8RAJDINK8DS56IWYRU5
658,1058,39WSF6KUV2LO51UB0VOZFFEYLLKEO2
659,1059,3PA41K45VN4LHMR2SNN8Y5R793CP78
660,1060,37VE3DA4YUHG6HW4MRRJUYBC62THBH
661,1061,3126F2F5F836Q16CFV1E4FJOVQGEPJ
662,1062,3D3B8GE892RPV5FV7KLSC1ID4T0P9K
663,1063,3O71U79SRBP1FHEHOATRCST8RCEMSW
664,1064,3HEADTGN2PS84P8DNDUD9E7PW37RVU
665,1065,3K2CEDRACB12UHRWDAYHMXPUTVSMTL
666,1066,31KSVEGZ34SLJE8IDNZ9VGQ33C9RW4
667,1067,311HQEI8RSGFVQT8FWLAP3TLJ2J7ZB
668,1068,372AGES0I4508ED8NSVVXZ4ACEFRXX
669,1069,3R16PJFTS3RNN8C3DXKTZCLYORGK4I
670,1070,3FDWKV9VCN2HUU6LDFORRTBWC9ZMUC
671,1071,374UMBUHN5PPLVF50L43J1KIZHOCTT
672,1072,32FESTC2NHQ4L8UU0QUDOX6KIVVCUK
673,1073,3PKVGQTFIHKP8J3ISOHXGDBJEK9RY3
674,1074,37G6BXQPLQLRQD7RF8G34K9Y0M2EQA
675,1075,3KA7IJSNW658JYUS54ZO37D3ST3PBU
676,1076,386T3MLZLNVMTJS1L70OX4MUCF6807
677,1077,3JTPR5MTZSC5JRG3R23344RCONBK5N
678,1078,3RZS0FBRWKART3MYJ4VJERJLAE3PC1
679,1079,3CKVGCS3PG54C37AZ56TEVMVO9DS0R
680,1080,3LG268AV386R2EMRSN539AJ3W84ERB
681,1081,3GKAWYFRAPT1YVSCJ0QUYX13VEFPD1
682,1082,3B6F54KMR2C4JSSSVOATS055T1JS1U
683,1083,3EKZL9T8Y8MZGMOA0RNE5IHUONTHCO
684,1084,3DZKABX2ZI54YNJU5G4IKJ83W24CV9
685,1085,37SDSEDIN92M08DJHQ4OB954H7C81A
686,1086,3A3KKYU7P3HUMYVQ8F3S9HWTXPAMWB
687,1087,335HHSX8CD59LEUO0NIPPOZC9N5HDO
688,1088,3TC2K6WK9G2TPTVF0U42GSF99DQ82R
689,1089,3BCRDCM0ODU12VGHWLD8WA5CKIMK63
690,1090,3X52SWXE0X5HDCJZVQ9E6LRH3B6CWJ
691,1091,3D1UCPY6GG9IABRY4UI7Z2K1FRQ832
692,1092,3MJ9GGZYO3678HOUXSOGCJL4Z1QA2X
693,1093,36JW4WBR06K6JY8KRTDFDO2XL0LHFZ
694,1094,3126F2F5F836Q16CFV1E4FJOVQGPEU
695,1095,3LCXHSGDLT633TM47C58ZKOZIANESZ
696,1096,3XQ4XW3OD9CB8DAOESA7XJFAL7XS2B
697,1097,32TMVRKDGNY3S7A248NQ97C7TRM84N
698,1098,3HFWPF5AK9J0TV67ISOCGTK2RLXS3M
699,1099,3GL25Y6843U9BY0GIKZEB0A06RGMX4
700,1100,3JYPJ2TAYI8YWF68A6LKMX4O7RVPFC
701,1101,33NKDW9FFXIW2COP5V50845OCDCCXC
702,1102,3V0TR1NRVA2HBV3H16745YI2JFMA4T
703,1103,3UL5XDRDNCJLOQE2ID60EZILTNH85S
704,1104,367O8HRHKG8LBRPBI6TVQYC85LTS47
705,1105,3Y3N5A7N4G9YB3QQNGLGUEH98XAMYA
706,1106,3FHTJGYT8N04AF23LQR24I4086VPGB
707,1107,3UEDKCTP9VQK6VUMFVI02O58FT6K72
708,1108,3YLTXLH3DF6IABXE5W9KPIG1N68PHA
709,1109,3M47JKRKCX1H7UEGNWG565WLPIS868
710,1110,3L60IFZKF3IQXUZQMJ1FG9EA1FYHHX
711,1111,33Q5P9PUSPML77O46DTL5PLZKDACZ9
712,1112,3YZ7A3YHR5T37ATBWBC5VQIM5HOS5C
713,1113,356TQKY9XFX0BUSL66LXCJWHKTC877
714,1114,3P6ENY9P79WQTPAAS1J0GLFP1SDHIQ
715,1115,32L724R85LKI668YBER5PUHGNJNPI3
716,1116,37S0QRNUFBG4B8X4GBD3QJSCVDI88U
717,1117,3H781YYV6TI4ITZJWCAY9PKLKT1ETO
718,1118,3PKJ68EHDNWMO0UGAJ40SMUPE72HJ2
719,1119,3NSCTNUR2ZNZ7E7HFBQEAQOGJBHA5Y
720,1208,3WGCNLZJKF8YH39AYYF4X1J5SY9D1L
721,1209,32ZCLEW0BZKE1HS4TWC51VWG0YCPJF
722,1210,3W0KKJIARR9O69Z5P0A6GO13QDCK8P
723,1211,3CIS7GGG65JJI6E8WH08EL6N378EUF
724,1212,3FBEFUUYRK5VQI7VKU0J2W2GF6SA6E
725,1213,3QI9WAYOGQBZQETP1UMANWWM1CZS6S
726,1214,3G4VVJO6PZG9C1YMBHCH2AWTFNCPKE
727,1215,3TZ0XG8CBUK4PDGEL3JHQFNNFJ089J
728,1216,3GONHBMNHVYYGT0VJ2NZ8LQBEREMZ1
729,1217,3VCK0Q0PO5E7WQF5R9P7F1CP1A5N0A
730,1218,3LN50BUKPVBKW7G4WHOIHA984NHPLH
731,1219,3UY4PIS8QRL73F0NNST7T6VZ62BN1D
732,1220,3N2YPY1GI6YJVL3817ADA786HEHEV4
733,1221,3RIHDBQ1NEYCP801DGHS8EM6I1XHM6
734,1222,3I7KR83SNADOKEIFUSGKGKWEAJUK9E
735,1223,34XASH8KLQM42PYPWTPXHNOX4S7PMJ
736,1224,30Z7M1Q8UYKIUWQJD9XHMAY7L1I8AY
737,1225,306W7JMRYYYND6VBJNXDHLID3J38BT
738,1226,3YD0MU1NC21EUIL0345B8A2CAHCA7D
739,1227,378G7J1SJLYWAA3DRHF9W9RKONJEWE
740,1228,39KV3A5D187IUE7UK4R2TAWIWNJS7R
741,1229,31N9JPQXIPII7QL1PHWSLTB6NR7HN6
742,1230,3P7RGTLO6ED2PXSKMYUKCF7YG1CKAT
743,1231,37VHPF5VYC36NBNHXNT8S5OVL438C0
744,1232,30Z7M1Q8UYKIUWQJD9XHMAY7L1IA80
745,1233,3PEG1BH7AER787XCSCUG7QR4YJXKBO
746,1234,32PT7WK7DMFUR6NPL2TNLUY2QIND3D
747,1235,3GITHABACYLES0IJ6WTLYP54Y8PN2U
748,1236,3W3RSPVVGSRXOCO0D3NCRGW7C49ULI
749,1237,3W31J70BASWQICPI6CQBIAXMG4XKCV
750,1238,36FFXPMST9O0PBLDQWW50IBBD1CHOL
751,1239,3T6EIBTM9LOWDKJYA7HVI142BPIAA4
752,1240,307L9TDWJYS3DIE2AW7QHZAW4MPN35
753,1241,3FDWKV9VCN2HUU6LDFORRTBWC9ZUMK
754,1242,3LOJFQ4BOXF0N4VW68LM2GF4149KDV
755,1243,34ZTTGSNJXO3ANYT59O9PN6BS2UHQT
756,1244,3TD33TP5DL21WUOQGLHRDCO8T73ABZ
757,1245,3PZDSVZ3J5HOVEX6AAC9R422IMLN4Q
758,1246,3DQYSJDTYLBBZA831MBVYS5RXPPEX7
759,1247,3RHLQY6EDT4F926TLGY6VZQ84IJD4Y
760,1248,3JU8CV4BRLCS2SJ1994A9RD2ZSMPOY
761,1249,3B623HUYJ4QMUSCDU9J87ASD77PS8E
762,1250,3PIOQ99R7YMNCCRLPG3R480WHZ9UNK
763,1251,302OLP89DZ7K6ZGWULDMOWUQBS3AC6
764,1252,39AYGO6AFFK2A11KTY5OO2MGEDRN6B
765,1253,3B0MCRZMBRUANSV2O9HPYRIS9XIPPF
766,1254,3UAU495MIIS5UXRXQV34JX0179EUOZ
767,1255,3V8JSVE8YYQ0ZFYD6IXXH6C0ZVJEYD
768,1256,3UYRNV2KITZPEFK8MD2M8GI7K8HN8X
769,1257,3XD2A6FGFNUM8XVNZ1PM76NORD7S93
770,1258,3IZPORCT1F93MODTIOD9UDGGOOWHRU
771,1259,3PN6H8C9R4QUBRMAUH8X82C8WSFAD6
772,1260,3J94SKDEKIPX5LATZLHG0RWM4EED53
773,1261,3HEM8MA6H9CVN4WHOMWEYW82ET4PQ6
774,1262,3G5RUKN2EC3PSK3IR5808CDI4EZN9M
775,1263,3O2Y2UIUCQUXLO9SXEGCQGIPDHPKF6
776,1264,3MG8450X2OANFX3Y5VGJ8X5RHEAUPG
777,1265,3BS6ERDL937TOPA744RLSXAM09PD6J
778,1266,3VEI3XUCZRXVZ5BH11LE3MI7AF6PR7
779,1267,3N5YJ55YXG33X3DNJBM047O2AWHNA1
780,1268,34KYK9TV2R85WQAKXL3IYCIEFDASBD
781,1269,3KL228NDMVM3ZO5N8YMU81I1EWPKG5
782,1270,3S1L4CQSFX5R9B06LN3NW2FT85VAFH
783,1271,3UUSLRKAUL3CSPOCNEWDYBAIVK9D7I
784,1272,3IVKZBIBJ09FN3D6XDDEKNLCAQFHSI
785,1273,3B9J25CZ25DO6V2QBLZD9WOWXYASCK
786,1274,3DTJ4WT8BDF0458I24ZGVDL25PNEZ4
787,1275,3SU800BH86S8F94D58V882V1MAWUQ7
788,1276,3INZSNUD80QG68C52BUXC71OQAXD9U
789,1277,33P2GD6NRNSHZK0YS44CT1U2TW2KH4
790,1278,3087LXLJ6MGV8Y2OTL6U7W3GZJJF0V
791,1279,36U4VBVNQOD8RAJDINK8DS56IWYUR8
792,1128,3PN6H8C9R4QUBRMAUH8X82C8WSFDA9
793,1129,37PGLWGSJT6HVFBIYMMXTDVHT9HKIX
794,1130,3ZURAPD288NVFNN6P4AUL1MQ4BPF1Y
795,1131,3NCN4N1H1GH8GDIFPPMWZI88SE2NBW
796,1132,3EQVJH0T40LG23QLMDI4USHYC9THT7
797,1133,3PUV2Q8SV44ZU1R20V8T3DWEEA0DB4
798,1134,391FPZIE4CMV2G5AMI8EZO30VN0HUY
799,1135,3R5OYNIC2C98FKO95QQ931JPY03PTK
800,1136,3U18MJKL1UMRQIAL3PIRA2EQAZ2NC3
801,1137,3WJGKMRWVI9I46J8EV4OEX2WWV0DCB
802,1138,30U1YOGZGAWYBN84BHUOT26EIYMSDK
803,1139,34R3P23QHS18UKUFHINFHCOXG3BHWX
804,1140,373L46LKP76DQQVOG47X5EAH6O6KJ9
805,1141,3L4YG5VW9NSS9YPMERZZY3KEHVCDDB
806,1142,3LCXHSGDLT633TM47C58ZKOZIANSED
807,1143,32LAQ1JNT9PL7PW5MCP3D76O6HVUTL
808,1144,3A9LA2FRWSENJKZ5RNJ1JV24P5HHXQ
809,1145,3JMQI2OLFZ51VAGZ3LD2U8W8VZEND3
810,1146,3OKP4QVBP2XXNBW1W795ENF59KVAGG
811,1147,36MUZ9VAE62X143MAMAJ4L2ZH7DDE4
812,1148,338GLSUI43BV97M02NPEH29ZUB2SFV
813,1149,3XWUWJ18TLQ072BUMHFDI3SQPV2UUC
814,1150,3BO3NEOQM0HBJ22WMV98ZZSLOXNAI8
815,1151,3ZRKL6Z1E831N7IVD7VWZN9BVQ2SGU
816,1152,3LEG2HW4UFN2485288A8QKWVWH3F2F
817,1153,3L84EBDQ37281A16YP796TAULD6KK8
818,1154,344M16OZKIF6NGUZZGOM0QETVBFNEW
819,1155,3B286OTISEH7EDM24DU8B07L1CCAJK
820,1156,3SR6AEG6W5TCJPPFWJ53299DRBBHYW
821,1157,38G0E1M85M50KH0UR7PIEPU932BUV1
822,1158,3QREJ3J433XJLGJOJPJALTN9ADBKLB
823,1159,3IVKZBIBJ09FN3D6XDDEKNLCAQFSHT
824,1160,3538U0YQ1FURPQ1LC8OD9U1N2V3F3Q
825,1161,391JB9X4ZY83RY19J1KPL62YAI1KMD
826,1162,3AC6MFV69KICOFZKS57MGGIFX5FHZN
827,1163,3X0EMNLXEPPNSCSYALQO4J7AVLJPV0
828,1164,3SMIWMMK615DZ60ZHHUE0RDNABDUWB
829,1165,3OID399FXG7P7I3I5XUPM3NZT8SDFM
830,1166,3MVY4USGB6NFJYOQ3VVZKZMRA3USIM
831,1167,3JVP4ZJHDPSFIP4EUTCFATG8FBBI0P
832,1168,3M0556243SKYTUUVUR8SI8ZT7CUNFE
833,1169,3K1H3NEY7LZVLIZDGH074ONBUNSDGL
834,1170,3M93N4X8HKNBE98WLDGZW01RNIJSJY
835,1171,3H6W48L9F4P071S30VVKQLQO2ULPWA
836,1172,3IJ95K7NDXC47UQQ5BEA0TZ58RUNGD
837,1173,3D06DR5225JXFLSN7A70RSZ2567AMO
838,1174,3MNJFORX8B4U35OPQRC6ORZ7GRUF5G
839,1175,30EMX9PEVKJ6PTEE3YGBXF1427JSKX
840,1176,3NOEP8XAU42FW1XTA0R6S44VBWRPX3
841,1177,3N5YJ55YXG33X3DNJBM047O2AWHANO
842,1178,335HHSX8CD59LEUO0NIPPOZC9N5DHK
843,1179,3E6L1VR4XWMQM9O3VAMBGXD7CM5F6W
844,1180,31N9JPQXIPII7QL1PHWSLTB6NR7NHC
845,1181,3J6BHNX0U9S99GM9V2ZPYLRYF8BKND
846,1182,3O71U79SRBP1FHEHOATRCST8RCESM2
847,1183,3X878VYTIEI9Q928EKR3MBD37XPF7V
848,1184,3Y40HMYLL1ISO65PRMQ02ARUJDJUX4
849,1185,3SX4X51T809LFODZKQMDJWO706MAO3
850,1186,35NNO802AVWI3LWLVZEDL5CLN4MNI5
851,1187,375VMB7D4JJ9H958650AP00R90KDID
852,1188,356ZPKYPUHH4W6N3FWD8BIB4D2LPY9
853,1189,3ZUE82NE0A1DQN7ROPJ90B9YIHVF8I
854,1190,3GMLHYZ0LEXHOBVZWIC2LOY3LJDUYA
855,1191,3G4VVJO6PZG9C1YMBHCH2AWTFNCKP9
856,1192,3IH9TRB0FBZFPEPWQCGFOYZIK3HI1S
857,1193,3YCT0L9OMM97XZZH0B8RP7I8W2OSN2
858,1194,3L1EFR8WWT5D4SQ1THPN07492NDF97
859,1195,3K3IX1W4S6R30OP0ZQZS8WTXABIAPK
860,1196,3Y7LTZE0YTMHT154S4ELZV75RDHUZ1
861,1197,3MIVREZQVHYUCDZ1BUR62FM3KJYKQ0
862,1198,3OQQD2WO8I6BZH3BDGUYCREFINVI3K
863,1199,334ZEL5JX6FPFKZT1Q844WIDMCTSOH
864,328,3J6BHNX0U9S99GM9V2ZPYLRYF8BNKG
865,329,37J05LC5AXJ5CKPEONLA11FRMF9DJP
866,330,3NRZ1LDP7W641WX8BIFRPPK6JWPPZ0
867,331,3DIIW4IV8PVWHDMFDUZHMW6LWNRI45
868,332,3VADEH0UHCX70KBUGQLJTWN3WHPSPY
869,333,3QHITW7OYO9O00QFZ3EH81J7F74AQB
870,334,3DWGDA5POF4KBK9WPJFY3NPCS5DV12
871,335,3OPLMF3EU5NKTM4RG2BQDL4D48GNLJ
872,336,3LOJFQ4BOXF0N4VW68LM2GF4149DKO
873,337,3S8APUMBJXJWSL5YR13JRDZZQNGFBH
874,338,31ODACBENUFS0WC9G308T1DD1DBSQP
875,339,30IRMPJWDZJUOEE1O9G675W8G50KR1
876,340,3ZG552ORAM4R05RS8NFC86ZHKBRV2J
877,341,37ZQELHEQ0Y4Z4MCGEC5DYJ24D6NML
878,342,3YO4AH2FPDKSZNSX71HOJV7U6LSQ00
879,343,3ZXV7Q5FJBOF2QX451ZE2X5H88GFCO
880,344,30EMX9PEVKJ6PTEE3YGBXF1427JKSP
881,345,3H4IKZHALBIAHM7CSFR5QD8293GNNL
882,346,3Q7TKIAPOTAB7ADER8XNHGSJQ4EDLR
883,347,3XAOZ9UYRZRS6CDF3KLOX0Q4BDYQ13
884,348,35A1YQPVFEGEDWQFRZIRROCZWJMI5A
885,349,3FO95NVK5C0SCXR9TIP8YRNIXZDSRQ
886,350,3MWOYZD5WVOSZ77OTURI5287ZDLNO0
887,351,3JUDR1D0D6RZVXVBMOL22J093JCQ2K
888,352,3OID399FXG7P7I3I5XUPM3NZT8SFDO
889,353,3J5XXLQDHMBGLNNBCNTHRG49QPRV3U
890,354,3W9XHF7WGKV74TRTSYL17KXQ4QXKTE
891,355,39HYCOOPKOLVDSVZRKY2HT78Q94DMT
892,356,3SBX2M1TKDN9YBAYQ24QVYX7NX8Q4G
893,357,3909MD9T2ZHUZOHI1S59SL5KTKTFEH
894,358,324N5FAHSXBMHLVIXTLG82LB1BDKVU
895,359,38XPGNCKHT013J6FC1Y01LWF4PNV4F
896,360,308KJXFUJR61SGI7G78CD6UUZE3ATP
897,361,3XT3KXP24ZYAW0QTWISWJUQZSEXI6Q
898,362,3GVPRXWRPHUT004YFSXOP8QVNPHI7P
899,363,3FK4G712NX04DCRM87PDO1SEJ1WSSE
900,364,3MA5N0ATTCBZWAVNN3QCU44P8KFKW4
901,365,30P8I9JKOILJZ2AFQ6HA6D2T4LIV5K
902,366,3IHWR4LC7DDX0E9HPXPU38MQY9NI8C
903,367,3BFF0DJK8XC5SC41X7U3Y6O0LKAST3
904,368,3SSN80MU8COELA0DX8MYWNIWHMLKXX
905,369,3VJ4PFXFJ37GSTXWGCYMI2GWISAAUG
906,370,34OWYT6U3WHXEJSRUPV834H1IF5I91
907,371,36QZ6V1589DKSPJQXCKD32A24YHSUU
908,372,363A7XIFV4MG58MWL28REOIFWZJAV5
909,373,3BO3NEOQM0HBJ22WMV98ZZSLOXNIAG
910,374,3HA5ODM5KASK548Q22UIZOCLI5QSVJ
911,375,3JMQI2OLFZ51VAGZ3LD2U8W8VZEDNT
912,376,3RWSQDNYL9MM52HEW3PFA3QK5L8FFZ
913,377,3K3G488TR28RUUEY47N00Q3LNT3Q5L
914,378,3YGYP136419VWKZ4LM8MZXDCA05NR9
915,379,3OEWW2KGQJBJDVGB40DF9XWDL9JDO8
916,380,3AA88CN98P33LFQN2480F1P5JSFKY3
917,381,3YCT0L9OMM97XZZH0B8RP7I8W2ONSX
918,382,36JW4WBR06K6JY8KRTDFDO2XL0LFHX
919,383,3SV8KD29L4S3Q50SYQAJT8Y7PMJKZU
920,384,3U74KRR67ML8CZCWPBDHZCEUYL2NTM
921,385,3CMIQF80GNQNDYEC9QX5SWHLJOEQ61
922,386,3BVS8WK9Q0VG2C7OS994UACR6F8IBB
923,387,31GN6YMHLPSXKT8VSCZELQVZPESSWT
924,388,3S8A4GJRD33FI6ATVPRFYJGT0GTV60
925,389,32XN26MTXZJH8QCKFW9S2980WF5L06
926,390,3VO4XFFP15M6HYSHS02XYAHHEZYQ70
927,391,3GKAWYFRAPT1YVSCJ0QUYX13VEFDPP
928,392,302U8RURJZ1NPRGLU6DW0U2FV6INV2
929,393,31J7RYECZLQHFFX2BFDSGERA17BL19
930,394,3WRAAIUSBJZ89XRRLH9929F0CARAX8
931,395,3XABXM4AJ15AHCX025U3CADCPJ4Q8N
932,396,37Y5RYYI0P5C9TDL2HV0N996YGYSXM
933,397,3K8CQCU3KE104GGQKGISMWLT2FKNWC
934,398,3N3WJQXELSQO40FYUJD6LX1FTDPL2Q
935,399,3BAWBGQGYLZYM6OYEZW74XGPVRDV7Z
936,88,3PGQRAZX02K19Y3V7DH26NGF0MSSYS
937,89,3WKGUBL7SZMY7EULYXWUECYDDRLL4M
938,90,3E9VAUV7BWEX92H1QDVBLNM9EGLAYE
939,91,375VMB7D4JJ9H958650AP00R90KIDI
940,92,371Q3BEXDH91EOD03ZJLKUPH6GWSZJ
941,93,3DW3BNF1GHI2MKTHO4ODIXCK6BJV8M
942,94,3JHB4BPSFK9AVHGA7X0HC68N9PMQ9C
943,95,3QQUBC64ZEEFTGLGULEEOFZ0BHQNX5
944,96,363A7XIFV4MG58MWL28REOIFWZJVAQ
945,97,3WUVMVA7OB3XESR6MZXUZUVBKAPAZ5
946,98,3OCZWXS7ZO7G3XYLC2F4J44RDNGL5R
947,99,388FBO7JZRT4TLBQZH0G7T69DNKNYB
948,100,3SNR5F7R92TE9FJ820BUVIIC9CLIEB
949,101,3MYASTQBG7BMY7TRJD5JY2RD0A1DQG
950,102,3AXFSPQOYQY2A43AFTG0P1ICYSPFJ2
951,103,36AZSFEYZ40LOIRORG8N9Z2LEH4VBL
952,104,3QHITW7OYO9O00QFZ3EH81J7F74QAR
953,105,31KPKEKW4AD5VHQ8OJKYO6CVKLRB09
954,106,3O2Y2UIUCQUXLO9SXEGCQGIPDHPFK1
955,107,3DZKABX2ZI54YNJU5G4IKJ83W24VCS
956,108,38F60IALAGH5R3KPO5BJO0IHQSRT0H
957,109,3AJA9FLWSCY6FTJ4XBV0D03CLD0IFT
958,110,3ZXNP4Z39RLVQ1C40VU1HOIN4TBL76
959,111,3TL87MO8CMP85URAIESD5GV42HUFL4
960,112,3QO7EE372ONTJAV75HED3C3DXPPQBM
961,113,30Y6N4AHYPWMA88RWSUJ3S1IWW3DRH
962,114,3QTFNPMJC6I4YBLVV32ZL0FBJHONZ2
963,115,32K26U12DNOE3FP85CZT4PQLH2GVDS
964,116,3XDSWAMB22SCTFNDJHA8EW9VFAPQCT
965,117,371QPA24C2O5YS57KOFJ251RVKXT1K
966,118,30U1YOGZGAWYBN84BHUOT26EIYMDS5
967,119,31JUPBOORN4ZQFHNA0M7VOEIFDHL8T
968,120,3CVDZS288H0SBC9VIQTS5TAT2MKFM6
969,121,304QEQWKZPKPEBFHSOPKUQCURKAO0Q
970,122,3N2YPY1GI6YJVL3817ADA786HEHVEL
971,123,36FQTHX3Z3R1C9P5762HQ4A2NXBB34
972,124,3M0556243SKYTUUVUR8SI8ZT7CUFN6
973,125,3MYASTQBG7BMY7TRJD5JY2RD0A1QDT
974,126,35YHTYFL1G3B1Z34WIUJSPT6TFWVF3
975,127,3V7ICJJAZAGMU5897K7009281X7B4P
976,128,3NQUW096N68Z4K0XFSSLVK9TZJZL9I
977,129,3TLFH2L6Y9OCNDN33SFX7OBWNQBT21
978,130,362E9TQF2HQCTTFZ8V1IVL3OMS0IGS
979,131,3RSBJ6YZECQGBFU7V685XXZYXMZFOL
980,132,3UQ1LLR26A8D93A27Y6LRFKD51HLAX
981,133,3DA79LNS59V18VJM7ST2QYGOT4BT3C
982,134,3P6ENY9P79WQTPAAS1J0GLFP1SDIHR
983,135,3ZQA3IO31BRPL00ZO7TK8VV4WCGO1T
984,136,322ZSN9Z5GKMQR2Q76YL038U747T4X
985,137,3R0WOCG21M9EQ0080MPO83O23V7DUL
986,138,3OLZC0DJ8JFVBQ5UXQ04VM6Y97OVIU
987,139,3T6SSHJUZFAQPKLUYJ1LGXG415SIIK
988,140,37G6BXQPLQLRQD7RF8G34K9Y0M2QEM
989,141,3S829FDFT21674U35R0BSAN6XDOXDX
990,142,3UUIU9GZC554MA6QLBHV5VE8702T52
991,143,32K26U12DNOE3FP85CZT4PQLH2GDVA
992,144,3OZ4VAIBEXFR61P0F8L47NLYMMDVJ6
993,145,3UXQ63NLAAMISDFUDC6HMQ4JNJ2LBS
994,146,3LAZVA75NIRWALIV7BTYDE59OIUO2A
995,147,3DQYSJDTYLBBZA831MBVYS5RXPPXEQ
996,148,3JYPJ2TAYI8YWF68A6LKMX4O7RVFP2
997,149,3VZYA8PITOY3619ZN9TLLKC3AP605Y
998,150,324N5FAHSXBMHLVIXTLG82LB1BDVK5
999,151,3Q7TKIAPOTAB7ADER8XNHGSJQ4ELDZ
1000,152,37NXA7GVST6X1RD0ITXHN2YQQBIVL8
1001,153,35ZRNT9RUIYLV3EEBB73WOA1UWUO3L
1002,154,3PCPFX4U40QJWR7NAJ09M2UYCNHFQT
1003,155,3BPP3MA3TCKGZGREN387NYA4QGFLES
1004,156,3PCPFX4U40QJWR7NAJ09M2UYCNHQF4
1005,157,3QX22DUVOOHH79VLI5YWNFDFQG8VMA
1006,158,33CLA8O0MIBJ8SMNNYP9RS4389JFRU
1007,159,3VMHWJRYHVG35O8ZWXV1GAQR9Q4XF8
1008,968,3TL87MO8CMP85URAIESD5GV42HULFA
1009,969,3LVTFB9DE5IPAR3IL36R4NUAD2HQG3
1010,970,386T3MLZLNVMTJS1L70OX4MUCF7080
1011,971,302U8RURJZ1NPRGLU6DW0U2FV6IVNA
1012,972,35F6NGNVM8JJ9EK994WS3FS4Y6XT7H
1013,973,3R5LWXWHR089JO4U7H1JYVQ3A54XG7
1014,974,3TKXBROM5TAMKV50G1MLSYV4EKHIJW
1015,975,3UDTAB6HH6ZM7OBBQZ62X0H5WLP09P
1016,976,338GLSUI43BV97M02NPEH29ZUB2FSI
1017,977,34ZTTGSNJXO3ANYT59O9PN6BS2UQH2
1018,978,3X0EMNLXEPPNSCSYALQO4J7AVLJVP6
1019,979,371DNNCG442N9SPSJ9OYHFOZ9Q3T84
1020,980,3A9LA2FRWSENJKZ5RNJ1JV24P5HXH6
1021,981,37PGLWGSJT6HVFBIYMMXTDVHT9HIKV
1022,982,3URJ6VVYUPN6DZXIBPCM6T278WQO46
1023,983,33EEIIWHK778SOTDAY5D4OXK0H5VQX
1024,984,3E9ZFLPWOYSNFFAPX51MJ73JPIWXIZ
1025,985,3Z3R5YC0P3NWO7ZFRNU4R75LWUGFT7
1026,986,3EN4YVUOUCSJAQUVFNMMV8IJ2XLXJB
1027,987,31D0ZWOD0AZ0C7LGI5K2TVSP2370A4
1028,988,3HEADTGN2PS84P8DNDUD9E7PW37VRY
1029,989,3P4C70TRMRHEJUN5TYYVN1VG3WULG9
1030,990,3HA5ODM5KASK548Q22UIZOCLI5QVSM
1031,991,3MJ28H2Y1E8O9I1IPUVWBL8L8SLO5B
1032,992,3VIVIU06FKCCL3BLJYZD8QNLIECIM0
1033,993,38Z7YZ2SB3236I9DBR6UPZ7QSF9QIV
1034,994,3UEBBGULPFOBOKE4RSKEW3RNF8NFUY
1035,995,388CL5C1RJNSJQIGD4GD817HIW7LH8
1036,996,308KJXFUJR61SGI7G78CD6UUZE3TA8
1037,997,3C8QQOM6JP1SFLT0JMYY8D8WI9MLI1
1038,998,3D5G8J4N5A4LK4L5R2Z89T87KO4VTB
1039,999,3E24UO25QZQKSM1WUD513RML4NWO6R
1040,1000,38G0E1M85M50KH0UR7PIEPU932BVU2
1041,1001,30F94FBDNRK6BQNZML888HE0HWOTB3
1042,1002,31KPKEKW4AD5VHQ8OJKYO6CVKLS0BZ
1043,1003,3XBXDSS888JP5GIVI8YZBNVB6MQXLD
1044,1004,3CMV9YRYP31OAWD614JYKENWVOBLJD
1045,1005,35YHTYFL1G3B1Z34WIUJSPT6TFWFVN
1046,1006,3QREJ3J433XJLGJOJPJALTN9ADBLKC
1047,1007,35NNO802AVWI3LWLVZEDL5CLN4MIN0
1048,1008,374UMBUHN5PPLVF50L43J1KIZHOTCA
1049,1009,3MIVREZQVHYUCDZ1BUR62FM3KJYQK6
1050,1010,3VAOOVPI3ZSU5M164PVB0T0OZDGLLF
1051,1011,3P4ZBJFX2V3OGO39MSZFERCK0OYFWX
1052,1012,3AFT28WXLF20L6WXWEEQ0UCQDERIOF
1053,1013,3X4Q1O9UBHM3WMF1DNAT95MHZYGO7Q
1054,1014,32L724R85LKI668YBER5PUHGNJNIPW
1055,1015,3R15W654VDT5WJHJWU37HFZI9J3QL9
1056,1016,3GL25Y6843U9BY0GIKZEB0A06RGXMF
1057,1017,3VMHWJRYHVG35O8ZWXV1GAQR9Q4FXQ
1058,1018,389A2A304OIO5MIE2JGTZQID26S0C6
1059,1019,3EKTG13IZU3EB4JR41WQ06FDZI6LMH
1060,1020,3D42WVSDH8VS5TY91TH3ZOX0BWYFYW
1061,1021,3QQUBC64ZEEFTGLGULEEOFZ0BHQXNF
1062,1022,3XUSYT70IT1YAEOS2FB4JW0VN640D6
1063,1023,3H781YYV6TI4ITZJWCAY9PKLKT1TE3
1064,1024,3OPLMF3EU5NKTM4RG2BQDL4D48GLNH
1065,1025,3VP28W7DUNKSAJ8EXFJMDV62HQ2FZN
1066,1026,3ICOHX7ENCB32K2SYAMOPEIGNI50EZ
1067,1027,3LXX8KJXPW97A53USK8DN1DNUO4O92
1068,1028,3KG2UQJ0MJOVKJK487JMU737EE3QNB
1069,1029,3Z3R5YC0P3NWO7ZFRNU4R75LWUGTFL
1070,1030,3WRBLBQ2GR81MYYJ45CCPH3S0YJG0V
1071,1031,3VI0PC2ZAYKXB1LSV0ER34Z51RVXOU
1072,1032,3SX4X51T809LFODZKQMDJWO706MOAH
1073,1033,3P888QFVX3UD24KG9MJZ9W3C4O8QOQ
1074,1034,38Z7YZ2SB3236I9DBR6UPZ7QSF9IQN
1075,1035,3LN50BUKPVBKW7G4WHOIHA984NHLPD
1076,1036,3VDVA3ILIDF1TNJ10OGC3MM25QPG1Y
1077,1037,3087LXLJ6MGV8Y2OTL6U7W3GZJK0FH
1078,1038,3HEM8MA6H9CVN4WHOMWEYW82ET4QP7
1079,1039,3511RHPADVE58KWJ99S7M59N555LR5
1080,408,336OE47KI2KDCLPZM74JWDF6OIMVW1
1081,409,3HXK2V1N4KF8I81XJSGQ85W7XW3G2F
1082,410,3WRBLBQ2GR81MYYJ45CCPH3S0YK0GG
1083,411,3S4TINXCC0NQYYIRQ4M9E78DIO7OBC
1084,412,3MZ3TAMYTLN3IJODO6VUUPHVO1BIRO
1085,413,3NSM4HLQNRUGNGXWOZB3Y1YCJPQQQY
1086,414,35XW21VSVGEH9ZWWOYSCCFEJR7OLST
1087,415,3QE4DGPGBRBILMGKN6ZE1KT5HAZG4B
1088,416,3FVBZG9CLJEFMUTUOBUUAHFTFYX0HF
1089,417,3ZTE0JGGCES983AX44I4PREV097OCJ
1090,418,3VMV5CHJZ8F227VA270M9S5XX9GTGK
1091,419,3NOEP8XAU42FW1XTA0R6S44VBWRXPB
1092,420,3APP19WN71EW09KY6USTYIDJD15G6W
1093,421,3JVP4ZJHDPSFIP4EUTCFATG8FBC0I8
1094,422,3OEWW2KGQJBJDVGB40DF9XWDL9JODJ
1095,423,31SIZS5W59FGZHCW1E033R8HFBSQRZ
1096,424,3EQVJH0T40LG23QLMDI4USHYC9TTHJ
1097,425,3MVY4USGB6NFJYOQ3VVZKZMRA3UISC
1098,426,31ODACBENUFS0WC9G308T1DD1DBQSN
1099,427,3TRB893CSJAF49Y3P4XL4WDF8CPG7V
1100,428,3VDI8GSXAFTJ4N3MZ9PRIW9AJWVG8I
1101,429,3XJOUITW8URTFWPO535Y369Z3WPQTC
1102,430,3IQ9O0AYW6ZGYY15SV0PU4IDCM8IT1
1103,431,3T2EL38U0MK0WDY8AD6VS9U5GSDXQ2
1104,432,3OKP4QVBP2XXNBW1W795ENF59KVGAM
1105,433,31S7M7DAGGQIOZ9BDYX2MKA5TQ2LTI
1106,434,3D1TUISJWI0VYBGUS0QZZ04FV0FIUS
1107,435,3SU800BH86S8F94D58V882V1MAWQU3
1108,436,372AGES0I4508ED8NSVVXZ4ACEFXR3
1109,437,3OREP8RUT2B26L1T2L919YZBR2GGBH
1110,438,3IQ9O0AYW6ZGYY15SV0PU4IDCM8TIC
1111,439,39O6Z4JLX2XS1LUPWC05YWTDXKSVXU
1112,440,3RSBJ6YZECQGBFU7V685XXZYXMZOFU
1113,441,3NBFJK3IOHIMPFQ26QENFIZAY1ZOGT
1114,442,37Y5RYYI0P5C9TDL2HV0N996YGYXSR
1115,443,3VGZ74AYTGGLGQTZGL5WKI5T9NGGCO
1116,444,3W3RSPVVGSRXOCO0D3NCRGW7C49LU9
1117,445,3R6RZGK0XFCH1QKZ18M7HA0MZQMVY0
1118,446,38RHULDV9YF8QF5ZN050HOPCGGQIWR
1119,447,3XEDXEGFX3O6OKU2UWXRN9VL7F10KJ
1120,448,3K1H3NEY7LZVLIZDGH074ONBUNSGDO
1121,449,3W9XHF7WGKV74TRTSYL17KXQ4QXTKN
1122,450,35JDMRECC490DODDCCBRA65WUZTGEH
1123,451,31S7M7DAGGQIOZ9BDYX2MKA5TQ2TLQ
1124,452,36FFXPMST9O0PBLDQWW50IBBD1COHS
1125,453,39RRBHZ0AU1H6GU4XUOQVH9O5KQVZR
1126,454,3NFWQRSHVEESJ2D97NVXSOQW608GFZ
1127,455,37NXA7GVST6X1RD0ITXHN2YQQBILVY
1128,456,3YGE63DIN8XXJKOJJAGUBKPGUM9W0A
1129,457,32XN26MTXZJH8QCKFW9S2980WF60LM
1130,458,3RTFSSG7T86AGGD5832D94H4XKKLW8
1131,459,33TGB4G0LPHDOTQ0RH0QXE5S0ZCXTG
1132,460,3E9ZFLPWOYSNFFAPX51MJ73JPIWIXK
1133,461,3X2YVV51PU4XQ991FTKUPP8QZEFW1D
1134,462,3Y40HMYLL1ISO65PRMQ02ARUJDJXU7
1135,463,3ECKRY5B1QWCKAA4YNP7GSJUXIUIZH
1136,464,3JMNNNO3B144FURXYXK8U8IVRKTW2U
1137,465,3J9UN9O9J3SBD0OKCBXFMUV8SQ0J02
1138,466,3NKW03WTLM7L7DTI08A9QQGY7Q7QW2
1139,467,3AFT28WXLF20L6WXWEEQ0UCQDEROIL
1140,468,3K2CEDRACB12UHRWDAYHMXPUTVSTMS
1141,469,33BFF6QPI1BT0CNG2XYDDINNXYTW35
1142,470,3T2EL38U0MK0WDY8AD6VS9U5GSDQXV
1143,471,3VCK0Q0PO5E7WQF5R9P7F1CP1A60NO
1144,472,39O6Z4JLX2XS1LUPWC05YWTDXKSXVW
1145,473,3S37Y8CWI80EI86K2B3WNNFTBYPW4Q
1146,474,3U74KRR67ML8CZCWPBDHZCEUYL2TNS
1147,475,3BKZLF990ZZPWIOIF9SXBN1EIY7QY1
1148,476,3ZZAYRN1I6RQUKC8QQDUE1EZOV7TO7
1149,477,3DWNFENNE3VSCO6LVCKHYXLL92GJ4I
1150,478,3JY0Q5X05J6YX294I71FA9Q87F8GGY
1151,479,304QEQWKZPKPEBFHSOPKUQCURKB0O3
1152,1368,3TUOHPJXYHX5GAUUMM51KYCR4TUXW6
1153,1369,3XBXDSS888JP5GIVI8YZBNVB6MQLX1
1154,1370,32204AGAABCCXY4F2DJXV929MFLGHX
1155,1371,3SA4EMRVJV27ZBRI7O2ZJQHK1P70PK
1156,1372,3ZC62PVYDHAK5AZKWR1NMHQYDV0XXZ
1157,1373,35O6H0UNLSGA87AL9H3R3PRZ9YBJ5N
1158,1374,3KVQ0UJWPXLWERAKGGM6SFL7BUKW5V
1159,1375,362E9TQF2HQCTTFZ8V1IVL3OMS0GIQ
1160,1376,3ATYLI1PRT2WGHG3EWZQCVRQQTGOJX
1161,1377,3YO4AH2FPDKSZNSX71HOJV7U6LT0QB
1162,1378,3HUR21WDDUP95FPU1NNP5VX7F1UXY5
1163,1379,3XEIP58NL0NEABIAJQMK88BMEMOLZY
1164,1380,3X7837UUADY6RBAZE0DWVV5Z5TMJ63
1165,1381,36GJS3V78VQ8O4Z5QDMI7MIOZ7PGJ2
1166,1382,3OYHVNTV5TYRR1MLWHZ2DAR35IGOKW
1167,1383,3CO05SML7V5SBO7XKG6OOLHZ27V0RC
1168,1384,3ZFRE2BDQ9E9A5ZZX9P8J269LVYXZW
1169,1385,3G9UA71JVVUPVBO4XAIO195V046J72
1170,1386,3KL228NDMVM3ZO5N8YMU81I1EWPGK1
1171,1387,3IV1AEQ4DRDTVPTN7FAUF91QBOCJ8P
1172,1388,3P4C70TRMRHEJUN5TYYVN1VG3WUGL4
1173,1389,3421H3BM9AHT9UCXC7G8F5W1VUUJ9E
1174,1390,3KTCJ4SCVG11LXFNBRE7GR6Z1C1M1C
1175,1391,3B286OTISEH7EDM24DU8B07L1CCJAT
1176,1392,3CO05SML7V5SBO7XKG6OOLHZ27UR02
1177,1393,3CKVGCS3PG54C37AZ56TEVMVO9E0S0
1178,1394,3BAKUKE49HCSIDSFGZAO2Q097Z0R15
1179,1395,3B9XR6P1WEVCXNRUARU46BRRJUXJBO
1180,1396,3XU9MCX6VOCZ7YABZ3A279AEZ5ER2M
1181,1397,3CRWSLD91K4MHPMOHTCISNJ7UNBOM1
1182,1398,33QQ60S6ASIKRGZEOA1TTW4J96Z0UG
1183,1399,3R5OYNIC2C98FKO95QQ931JPY03TPO
1184,1400,3EAWOID6MTXK4VOET0BYPI62ND80V5
1185,1401,3HJ1EVZS2OJOSG6U33O7QJF65JER3X
1186,1402,3YGE63DIN8XXJKOJJAGUBKPGUMA0WF
1187,1403,3CESM1J3EI3SXVAYLZWBKLZ77PVW6B
1188,1404,3MGHRFQY2LP18PJJYBYIWHAW5U9Y0B
1189,1405,36D1BWBEHN18AIXJUVELLAG4TIFM2T
1190,1406,38EHZ67RIMSYPC5QTAZANEA531KGM6
1191,1407,36BTXXLZ2V89ACPY3HTQ0O7CJJAR4I
1192,1408,3L21G7IH47W1FE41UU2IAMT6AMFY1E
1193,1409,34YWR3PJ28AC8KT9TFCGD33N3OG0X8
1194,1410,37J05LC5AXJ5CKPEONLA11FRMF9JDV
1195,1411,3XJOUITW8URTFWPO535Y369Z3WPTQF
1196,1412,3MGHRFQY2LP18PJJYBYIWHAW5UA0YE
1197,1413,3Y3CZJSZ9KTR6VTYHMC05GDQJF5R5N
1198,1414,3MWOYZD5WVOSZ77OTURI5287ZDLON1
1199,1415,3VGET1QSZ0ZB1VO34913QZZ320FW7A
1200,1416,3BJKPTD2QCCTRX4OIIUY8WJ4ZIRTRG
1201,1417,37MQ8Z1JQEW84ZMXDY2WF53B2STY2V
1202,1418,3S1WOPCJFGTA4Q3EKIWU7JXCMRAJEO
1203,1419,3ROUCZ907FUAHS70U9RVKR8CPNQOOG
1204,1420,3Q2T3FD0ON8XV0T2YVSQ4KLWZWFM34
1205,1421,341H3G5YF0E1DFTOUX01AOJYBOE0Z5
1206,1422,3AXFSPQOYQY2A43AFTG0P1ICYSPJF6
1207,1423,3RBI0I35XE3XPHIGHYG1YF8386TY36
1208,1424,386659BNTLH4IJ8GMMR9IUZMY9110H
1209,1425,3FULMHZ7OUXIDWC6Y9X9EPD2DWBM4P
1210,1426,3BA7SXOG1JQATDC0FKJ3H0NHL56R8P
1211,1427,3JU8CV4BRLCS2SJ1994A9RD2ZSMOPX
1212,1428,3BFF0DJK8XC5SC41X7U3Y6O0LKATS4
1213,1429,3P888QFVX3UD24KG9MJZ9W3C4O8OQO
1214,1430,3X2LT8FDHWIF19TMEET94ZVYDKLW8X
1215,1431,37M4O367VJI09FG6CEGJJHJGDS6M5U
1216,1432,3TCFMTM8HEOBETBU19VN1IS1V7L121
1217,1433,3J9L0X0VDFMFFECWJ6ZN4VQ9XQ3W9M
1218,1434,37AQKJ12TXO67CHGM7ZT8BKMN3OTTT
1219,1435,3IJ95K7NDXC47UQQ5BEA0TZ58RUGN6
1220,1436,3G3AJKPCXLSI7D1KHCLK8K09M6PY4R
1221,1437,3XH7ZM9YX2UA7IVAKCPHHWIS5BOR9E
1222,1438,3Q9SPIIRWJMTKXM1BCDN0Q1T38LWA1
1223,1439,338431Z1FLFDE5ZGM18ZEMDH0AAORP
1224,1448,3Z56AA6EK40WSJGKHXQOBNXG9NHM6A
1225,1449,334ZEL5JX6FPFKZT1Q844WIDMCTOSD
1226,1450,3NBFJK3IOHIMPFQ26QENFIZAY1ZGOL
1227,1451,36GJS3V78VQ8O4Z5QDMI7MIOZ7PJG5
1228,1452,3D17ECOUOEV0ZB7D599SKSXT1LL13C
1229,1453,3D5G8J4N5A4LK4L5R2Z89T87KO4TV9
1230,1454,38VTL6WC4AD03W5KVH4UDC6NM2KY5W
1231,1455,3EPG8DX9LKQ6UIDJ4U8B0LDBIXI5PA
1232,1456,37MQ8Z1JQEW84ZMXDY2WF53B2SU2Y0
1233,1457,3QGHA0EA0J0Y37RTHQDJV1LZLQ6WBW
1234,1458,3ZZAYRN1I6RQUKC8QQDUE1EZOV7OT2
1235,1459,3XBYQ44Z6P4YZTLAHC44VVRLRX6TWJ
1236,1460,30EV7DWJTVVWM05Y00EZ5IKNIXVY6C
1237,1461,3K3G488TR28RUUEY47N00Q3LNT45Q1
1238,1462,32TZXEA1OLKLH7QH5NEBUXPZFLH14X
1239,1463,3X52SWXE0X5HDCJZVQ9E6LRH3B6WC3
1240,1464,34HEO7RUG6UOC15FCI3HDRTCBT6RAT
1241,1465,3ULIZ0H1VA53DQUHJSXLZPVDFHC152
1242,1466,3UAU495MIIS5UXRXQV34JX0179EOUT
1243,1467,3LB1BGHFL2W2OYGAWDMSGSC1256TYI
1244,1468,3KTZHH2ONIFJWXZ8ACNMV1T7FI7M8W
1245,1469,3JGHED38EDRFQ0J3JAJRBWKJD8FY7B
1246,1470,33W1NHWFYHL2TOQFSZOBUZL38ZATZ9
1247,1471,3P7QK0GJ3TL89PW29K4FTCCD8MY2ZR
1248,1472,3Y3CZJSZ9KTR6VTYHMC05GDQJF65R2
1249,1473,3L2OEKSTW9AJQEOMTFBXPWGEOSLY8Y
1250,1474,33QQ60S6ASIKRGZEOA1TTW4J96YU09
1251,1475,3EHIMLB7F7ZX4JYXJF793WLBYW98HA
1252,1476,3EFNPKWBMSO0SMMV9Q5S6NEJWTF30B
1253,1477,3M4KL7H8KVNZWUUVOB7QRV9DBCN16I
1254,1478,34O39PNDK68TVBA7IW3D82DITBRRBO
1255,1479,3MQKOF1EE2ORI4PDVM4PQR9ZOBIWD3
1256,1480,3566S7OX5DJI0U807LCIX9996N717H
1257,1481,3E9VAUV7BWEX92H1QDVBLNM9EGLYA2
1258,1482,3BDORL6HKKDC5G2DWWZ8JMJ0BWRRCV
1259,1483,3IHWR4LC7DDX0E9HPXPU38MQY9O8I3
1260,1484,378G7J1SJLYWAA3DRHF9W9RKONJWEW
1261,1485,3D17ECOUOEV0ZB7D599SKSXT1LL31E
1262,1486,32CAVSKPCEPKY5KWKT5T71NTEY4U1C
1263,1487,3P0I4CQYVY7IM1G2LVI51LLYSPPOWS
1264,1488,30Y6N4AHYPWMA88RWSUJ3S1IWW3RDV
1265,1489,3EGKVCRQFWS2SCMTWRV7GY6FWY6YBX
1266,1490,3OWZNK3RYLPRNQ2S3X57CKXY64IU2T
1267,1491,3P4ZBJFX2V3OGO39MSZFERCK0OYWFE
1268,1492,37SDSEDIN92M08DJHQ4OB954H7D184
1269,1493,3YZ7A3YHR5T37ATBWBC5VQIM5HP5SQ
1270,1494,38LRF35D5LWG88YB7XJCVU2QCIIU34
1271,1495,3JAOYN9IHL2W9ELSSDNB8LCQZ5Z336
1272,1496,3IV1AEQ4DRDTVPTN7FAUF91QBOD8JF
1273,1497,3UUIU9GZC554MA6QLBHV5VE87035TF
1274,1498,3L55D8AUFAXL2HEZARR2RICXEJ6YC4
1275,1499,3XDJY5RK5SL1Q4HF7BOV5ZUWQIEU4P
1276,1500,30P8I9JKOILJZ2AFQ6HA6D2T4LJ5VV
1277,1501,3LN3BXKGC0VUUOZ4XC5XWCCW13YWGD
1278,1502,3D0LPO3EABZMB6B20W0TMI6E3XPOYR
1279,1503,3KVQ0UJWPXLWERAKGGM6SFL7BUL5W5
1280,1504,3P520RYKCH6JMNLFLG75AR0AQE9U5U
1281,1505,3W0KKJIARR9O69Z5P0A6GO13QDD8KE
1282,1506,3QD8LUVX4XYB3RFAQLISUYZEKWR5XY
1283,1507,3HO4MYYR12OF5RLTQZHA2XEAM9KU6A
1284,1508,382GHPVPHSRHRA4WSRSUIQ4WD5V34R
1285,1509,38VTL6WC4AD03W5KVH4UDC6NM2L5Y4
1286,1510,30QQTY5GMKKY9RZY99M28BE6HK4U79
1287,1511,3TZDZ3Y0JS6MEDWTMIA2B50F1DV19T
1288,1512,32CXT5U14G32954HJEE8MBA1S4AU8W
1289,1513,30UZJB2POHCZNT8W6WB4NIAAD1Q35W
1290,1514,3LG268AV386R2EMRSN539AJ3W84REO
1291,1515,385MDVINFCF4LQP55IQ0TP4CTVFWJH
1292,1516,3VLL1PIENQOMGWL7WI2C0PFG9RTOZI
1293,1517,3QGTX7BCHP208MFPR36DRJFPSWP5ZV
1294,1518,3MA5N0ATTCBZWAVNN3QCU44P8KFWKG
1295,1519,31JUPBOORN4ZQFHNA0M7VOEIFDI8LH
1296,1608,3RTFSSG7T86AGGD5832D94H4XKKWLJ
1297,1609,3NI0WFPPI9GZP59DSS3QDQQ36KH60K
1298,1610,3SA4EMRVJV27ZBRI7O2ZJQHK1P6P08
1299,1611,3OJX0UFJ0Z72NANRO6KMM75CCASU9L
1300,1612,3KTZHH2ONIFJWXZ8ACNMV1T7FI88MJ
1301,1613,30ZKOOGW2W60JW6YEOO270BZ7VD1A8
1302,1614,3VJ4PFXFJ37GSTXWGCYMI2GWISAUA0
1303,1615,3AQN9REUTFGV79KDANMDBOUFZJIYD4
1304,1616,3MDWE879UH2NRBELOF3RHHDONPMB9M
1305,1617,3ZQX1VYFTD57W0KKNS2ZN5ICAIN8OY
1306,1618,3V8JSVE8YYQ0ZFYD6IXXH6C0ZVJYEX
1307,1619,3A3KKYU7P3HUMYVQ8F3S9HWTXPAWML
1308,1620,38O9DZ0A62N6LFCR7F74WEJI3I1624
1309,1621,3TD33TP5DL21WUOQGLHRDCO8T74BA1
1310,1622,33CLA8O0MIBJ8SMNNYP9RS4389JRF6
1311,1623,3RWB1RTQDJNPH0WL2SFEC5N2KNJ8PF
1312,1624,3P0I4CQYVY7IM1G2LVI51LLYSPPWO0
1313,1625,3SD15I2WD2UV6X8ABFL9FOOA9W163F
1314,1626,3TKSOBLOHLG6F4TIMZHN8N8EBPPBBW
1315,1627,3ZVPAMTJWN3PMSIIYIVR9D4F9OJRG5
1316,1628,3XABXM4AJ15AHCX025U3CADCPJ58Q6
1317,1629,3H6W48L9F4P071S30VVKQLQO2ULWPH
1318,1630,3D42WVSDH8VS5TY91TH3ZOX0BWYYFF
1319,1631,309D674SHZLPP9LO0ZDIJ7EWTAPBC3
1320,1632,3VQTAXTYN3LLB32OMQYIDD020AVUBV
1321,1633,306996CF6WK526BQK2OY2BV5PDY1B3
1322,1634,39N6W9XWRDNYJTU4CDNLH9XCCBYYGE
1323,1635,3H5TOKO3D9JGOTREBTQSPTGGNWX640
1324,1636,3PUV2Q8SV44ZU1R20V8T3DWEEA1BD3
1325,1637,3BA7SXOG1JQATDC0FKJ3H0NHL578R7
1326,1638,3MZ3TAMYTLN3IJODO6VUUPHVO1BRIX
1327,1639,3NKW03WTLM7L7DTI08A9QQGY7Q7WQ8
1328,1640,39XCQ6V3KY4YKCVEPY92ULMUNSS655
1329,1641,32FESTC2NHQ4L8UU0QUDOX6KIVVUC2
1330,1642,3MD8CKRQZZNZDU8J6OGU6QWV1G0RJ9
1331,1643,3D1UCPY6GG9IABRY4UI7Z2K1FRR38Y
1332,1644,37VUR2VJ6APOCB3WY2KTDV1N7YY1CA
1333,1645,31GN6YMHLPSXKT8VSCZELQVZPESWSX
1334,1646,3B623HUYJ4QMUSCDU9J87ASD77Q8SV
1335,1647,30IRMPJWDZJUOEE1O9G675W8G50RK8
1336,1648,3WGCNLZJKF8YH39AYYF4X1J5SYA1DA
1337,1649,3ACRLU860NE4M752WQJD9VEZEM2BEW
1338,1650,31GECDVA9JMU3GVSUHJ7MR0UJN366L
1339,1651,3HY86PZXPYI399NAUTQO3J1QSAB1E3
1340,1652,3SR6AEG6W5TCJPPFWJ53299DRBBYHD
1341,1653,3Z8UJEJOCZDIOGA89MOLZYFCZX939N
1342,1654,36818Z1KV3DWTZKD1S2LVTQW5FR3A2
1343,1655,3ZURAPD288NVFNN6P4AUL1MQ4BQ1FL
1344,1656,32CXT5U14G32954HJEE8MBA1S4B8UB
1345,1657,3R0WOCG21M9EQ0080MPO83O23V7UD2
1346,1658,36FQTHX3Z3R1C9P5762HQ4A2NXC3BX
1347,1659,3511RHPADVE58KWJ99S7M59N555RLB
1348,1660,3D4BBDG7ZHWKMEHBL6YC1OGK5IC3C4
1349,1661,3S8APUMBJXJWSL5YR13JRDZZQNHBFE
1350,1662,3DW3BNF1GHI2MKTHO4ODIXCK6BK8V0
1351,1663,3WRKFXQBOB7CFK0Z21NO2LASROQYI6
1352,1664,3M47JKRKCX1H7UEGNWG565WLPIT687
1353,1665,3VDVA3ILIDF1TNJ10OGC3MM25QQ1GK
1354,1666,32PT7WK7DMFUR6NPL2TNLUY2QIO3D4
1355,1667,3X2LT8FDHWIF19TMEET94ZVYDKM8WA
1356,1668,3W5PY7V3UP78AVK5KJ8OEMPS43FYJI
1357,1669,3UEBBGULPFOBOKE4RSKEW3RNF8NUFD
1358,1670,3OB6JN3A9QPPE2E49LTMMIOC5AVRMD
1359,1671,3OREP8RUT2B26L1T2L919YZBR2HBGD
1360,1672,33K3E8REWWVUQ9YCOJPV6I95MMS8X3
1361,1673,3QXFBUZ4ZKGH2KAZ2CQWEORZGNNUGC
1362,1674,3L2OEKSTW9AJQEOMTFBXPWGEOSM8Y9
1363,1675,391FPZIE4CMV2G5AMI8EZO30VN0UHB
1364,1676,3SMIWMMK615DZ60ZHHUE0RDNABDWUD
1365,1677,3FBEFUUYRK5VQI7VKU0J2W2GF6T6AB
1366,1678,3IH9TRB0FBZFPEPWQCGFOYZIK3I1IC
1367,1679,3AA88CN98P33LFQN2480F1P5JSFYKH
1368,1768,3D1TUISJWI0VYBGUS0QZZ04FV0FUI4
1369,1769,336OE47KI2KDCLPZM74JWDF6OIMWV2
1370,1770,3FI30CQHVKJ09SCNQ80FX7MMXOE6B6
1371,1771,37VE3DA4YUHG6HW4MRRJUYBC62UBHC
1372,1772,3N7PQ0KLI5PZJC1PHX47RCGNQUP3EX
1373,1773,3M7OI89LVYOJJX4T48WA8RS4F9E6CD
1374,1774,3BS6ERDL937TOPA744RLSXAM09Q6DD
1375,1775,33NOQL7T9OZJV4YRP1DG33PGUMQ8Z0
1376,1776,3FTID4TN8LYE5L85N4K1U12K8SKYLK
1377,1777,3WA2XVDZEMHYGVO70Z25YFS70LR6E6
1378,1778,3YGYP136419VWKZ4LM8MZXDCA05RND
1379,1779,3UDTAB6HH6ZM7OBBQZ62X0H5WLP90Y
1380,1780,3B9XR6P1WEVCXNRUARU46BRRJUYBJH
1381,1781,3538U0YQ1FURPQ1LC8OD9U1N2V43FF
1382,1782,3TUOHPJXYHX5GAUUMM51KYCR4TUWX5
1383,1783,3PEG1BH7AER787XCSCUG7QR4YJYBKG
1384,1784,3UXQ63NLAAMISDFUDC6HMQ4JNJ3BLJ
1385,1785,3IVEC1GSLPZBKP928U1F0ZEIXI71JO
1386,1786,3TZDZ3Y0JS6MEDWTMIA2B50F1DV911
1387,1787,388FBO7JZRT4TLBQZH0G7T69DNKYNM
1388,1788,3BC9H1KCYUCUGFK4RIR33CJ06ZOWYB
1389,1789,3TX9T2ZCB91UL5U9N4TMHJS2CTSWZ2
1390,1790,3E6L1VR4XWMQM9O3VAMBGXD7CM66FO
1391,1791,3D0LPO3EABZMB6B20W0TMI6E3XPYO1
1392,1792,31MCUE39BKMX3QXGNSUVRF1Z3A43GE
1393,1793,3KQC8JMJGCSB3MSR7YCDCFD0IAH3HD
1394,1794,3D7VY91L65X2YVXFDO7WM3J8NOTBML
1395,1795,34YWR3PJ28AC8KT9TFCGD33N3OFX04
1396,1796,338431Z1FLFDE5ZGM18ZEMDH0AAROS
1397,1797,3DFYDSXB2W0RTM00AIBZB1JF8F4UJG
1398,1798,3FJ2RVH25Z6T3YEP5MAGGOAKTJ992I
1399,1799,3OQQD2WO8I6BZH3BDGUYCREFINW3I6
1400,1800,3APP19WN71EW09KY6USTYIDJD166GN
1401,1801,356ZPKYPUHH4W6N3FWD8BIB4D2LYPI
1402,1802,3VEI3XUCZRXVZ5BH11LE3MI7AF6RP9
1403,1803,3Z8UJEJOCZDIOGA89MOLZYFCZX993T
1404,1804,329E6HTMSW225CTZDJFAP7TSARL3KH
1405,1805,3BKZLF990ZZPWIOIF9SXBN1EIY7YQ9
1406,1806,3S4TINXCC0NQYYIRQ4M9E78DIO8BO0
1407,1807,3TTPFEFXCTKA05F9Q0ABJIPKS1J6HM
1408,1808,3O0M2G5VC6236CTC90T4937IDX594E
1409,1809,31J7RYECZLQHFFX2BFDSGERA17C1LQ
1410,1810,3XT3KXP24ZYAW0QTWISWJUQZSEY6IF
1411,1811,3PKVGQTFIHKP8J3ISOHXGDBJEK9YRA
1412,1812,31SIZS5W59FGZHCW1E033R8HFBSRQ0
1413,1813,3KA7IJSNW658JYUS54ZO37D3ST4BPH
1414,1814,3HY86PZXPYI399NAUTQO3J1QSABE1G
1415,1815,3UY4PIS8QRL73F0NNST7T6VZ62C1NS
1416,1816,37SOB9Z0SSXDPIBHYJRB4767ZRQ3LK
1417,1817,33KGGVH24UHCF9ERPYGGR8MX8GLX17
1418,1818,3Q2T3FD0ON8XV0T2YVSQ4KLWZWG3MM
1419,1819,3X7837UUADY6RBAZE0DWVV5Z5TN6JR
1420,1820,3GS542CVJVNL2VXCN5CEEVDWDT095J
1421,1821,3ZQA3IO31BRPL00ZO7TK8VV4WCH1O7
1422,1822,3QO7EE372ONTJAV75HED3C3DXPQBQ8
1423,1823,38B7Q9C28G5HLZXQSOMJ61RW9OB96Z
1424,1824,3FSEU3P2NR0GBIRWETP38HIMBXURR1
1425,1825,307L9TDWJYS3DIE2AW7QHZAW4MQ3NM
1426,1826,33IXYHIZB5IAYU56DXQ282BVKGPE2X
1427,1827,3RDTX9JRTY10PZBVBYRBCFRS4ZV97Y
1428,1828,3LB1BGHFL2W2OYGAWDMSGSC1256YTN
1429,1829,3FO95NVK5C0SCXR9TIP8YRNIXZDRSP
1430,1830,35ZRNT9RUIYLV3EEBB73WOA1UWV3O1
1431,1831,34O39PNDK68TVBA7IW3D82DITBSBR9
1432,1832,3BCRDCM0ODU12VGHWLD8WA5CKIN6KQ
1433,1833,3TZ0XG8CBUK4PDGEL3JHQFNNFJ198L
1434,1834,3GMLHYZ0LEXHOBVZWIC2LOY3LJDYUE
1435,1835,3VMV5CHJZ8F227VA270M9S5XX9HGT8
1436,1836,3X55NP42EOG3G3QFQBKILOFR41R3PI
1437,1837,3F6045TU7DO43IZOQVPVQBIYZPJ99A
1438,1838,3BAKUKE49HCSIDSFGZAO2Q097Z11RG
1439,1839,33J5JKFMK6YOGFRUQOZ7LT519XD3Q9
1440,1688,3N7PQ0KLI5PZJC1PHX47RCGNQUPE38
1441,1689,3HJ1EVZS2OJOSG6U33O7QJF65JF3RA
1442,1690,3Z56AA6EK40WSJGKHXQOBNXG9NI6MV
1443,1691,3R6RZGK0XFCH1QKZ18M7HA0MZQMYV3
1444,1692,3B6F54KMR2C4JSSSVOATS055T1K1S4
1445,1693,39AYGO6AFFK2A11KTY5OO2MGEDS6NV
1446,1694,39TX062QX1O8PCS6C2UZF11U60ZX3Z
1447,1695,3M67TQBQQHOI819TI13VM6TI5719AP
1448,1696,3YLPJ8OXX8DT78BACGZIP6T0K0VX4K
1449,1697,3E24UO25QZQKSM1WUD513RML4NX6OA
1450,1698,3BC9H1KCYUCUGFK4RIR33CJ06ZOYWD
1451,1699,30F94FBDNRK6BQNZML888HE0HWPBTM
1452,1700,3QXFBUZ4ZKGH2KAZ2CQWEORZGNOGUZ
1453,1701,32CAVSKPCEPKY5KWKT5T71NTEY51UK
1454,1702,3MDWE879UH2NRBELOF3RHHDONPM9BK
1455,1703,3QD8LUVX4XYB3RFAQLISUYZEKWQX5P
1456,1704,3VQTAXTYN3LLB32OMQYIDD020AWBUD
1457,1705,3IWA71V4TIG7MVFOV4SXM4DEGR1X65
1458,1706,3HUR21WDDUP95FPU1NNP5VX7F1UYX6
1459,1707,31HLTCK4BLVHFZZZ7201AATIUUXGVO
1460,1708,3DWGDA5POF4KBK9WPJFY3NPCS5E1V9
1461,1709,3T2HW4QDUV761G6R2FZMS1J65AM9CR
1462,1710,36AZSFEYZ40LOIRORG8N9Z2LEH5BV2
1463,1711,31YWE12TE0CQQVTTEEXPSIDAB2LX74
1464,1712,3ZCC2DXSD74Y5KF46J9RO94GH7OYYC
1465,1713,3CMIQF80GNQNDYEC9QX5SWHLJOF6QI
1466,1714,3LN3BXKGC0VUUOZ4XC5XWCCW13ZGWY
1467,1715,3QGHA0EA0J0Y37RTHQDJV1LZLQ7BWC
1468,1716,34R0BODSP1Z2XROTVGS069E74QGE5Y
1469,1717,3R5LWXWHR089JO4U7H1JYVQ3A55GXR
1470,1718,33K3E8REWWVUQ9YCOJPV6I95MMRX8R
1471,1719,3PR3LXCWSFZU4EHMTBV96E4G6S9X9G
1472,1720,3EGKVCRQFWS2SCMTWRV7GY6FWY7BYB
1473,1721,3INZSNUD80QG68C52BUXC71OQAY9DR
1474,1722,39N6W9XWRDNYJTU4CDNLH9XCCBZGYX
1475,1723,3WA2XVDZEMHYGVO70Z25YFS70LRE6E
1476,1724,33KGGVH24UHCF9ERPYGGR8MX8GM1XC
1477,1725,3W1K7D6QSBH2X2WYSDXQU5FH2SBBZ2
1478,1726,3HXCEECSQMTYAAP925BA2GDIN1SYZ3
1479,1727,389A2A304OIO5MIE2JGTZQID26SC0I
1480,1728,3L21G7IH47W1FE41UU2IAMT6AMG1YI
1481,1729,3DA79LNS59V18VJM7ST2QYGOT4C3TN
1482,1730,3WRAAIUSBJZ89XRRLH9929F0CARXAV
1483,1731,3QMELQS6Y5BNPZTCM5M5XMRQFAH6RJ
1484,1732,38LRF35D5LWG88YB7XJCVU2QCIJ3UE
1485,1733,3TFJJUELSHPV1WLSH6K7IEBSZ4CC22
1486,1734,341H3G5YF0E1DFTOUX01AOJYBODZ03
1487,1735,33N1S8XHHML1K4E6QG41OT28GGK1Z9
1488,1736,3WYZV0QBFJDDS7WJRV95XKZ6USCXBQ
1489,1737,3D4BBDG7ZHWKMEHBL6YC1OGK5ICC3D
1490,1738,335VBRURDJ0LYEQ5Y65HIPJ9QMZ9EK
1491,1739,3UQVX1UPFSHB74QC5QRNND9RQFF20Z
1492,1740,3FCO4VKOZ4DHKV2CJ97X4TS3VWBE7D
1493,1741,32W3UF2EZOL54A0FLK3VBT8QJI8C4Y
1494,1742,3QI9WAYOGQBZQETP1UMANWWM1C06S7
1495,1743,33N1S8XHHML1K4E6QG41OT28GGJZ16
1496,1744,39TX062QX1O8PCS6C2UZF11U6003X6
1497,1745,3HYV4299H0WLK97VTEZ3ITOY6GHE80
1498,1746,33NKDW9FFXIW2COP5V50845OCDCXCX
1499,1747,3RBI0I35XE3XPHIGHYG1YF8386U3YC
1500,1748,335VBRURDJ0LYEQ5Y65HIPJ9QMZE9P
1501,1749,3R868ACW4SCYOJ498ZP4VG6EI53GZO
1502,1750,3MDKGGG61QN05E64QUR0X1S83VE6TW
1503,1751,3CMV9YRYP31OAWD614JYKENWVOCJLC
1504,1752,3ACRLU860NE4M752WQJD9VEZEM2EBZ
1505,1753,3VW0145YLYC8GEVR1GKDKR2LVT2JME
1506,1754,3FVBZG9CLJEFMUTUOBUUAHFTFYXH0W
1507,1755,3TCFMTM8HEOBETBU19VN1IS1V7L212
1508,1756,3H1C3QRA01JNWCX8AQF8KFKHW72EC6
1509,1757,3FW4EL5A3LOI3ETQKDV16126NDZ22J
1510,1758,3UOMW19E6D6N0T4FZPM5GLE4JE3C53
1511,1759,3P7QK0GJ3TL89PW29K4FTCCD8MXZ2N
1512,1528,3EHVO81VN5LFTJECKUYUOMY3KQ3H1Z
1513,1529,36MUZ9VAE62X143MAMAJ4L2ZH7EED6
1514,1530,3ATYLI1PRT2WGHG3EWZQCVRQQTHJOT
1515,1531,337F8MIIMZDLAI5Z94ABGS6PATB40X
1516,1532,3M7OI89LVYOJJX4T48WA8RS4F9EC6J
1517,1533,32TZXEA1OLKLH7QH5NEBUXPZFLH410
1518,1534,3R4QIDVOJPC2TAHM6HL3A3KKHJFEEZ
1519,1535,32ZCLEW0BZKE1HS4TWC51VWG0YDJPA
1520,1536,3909MD9T2ZHUZOHI1S59SL5KTKUEFH
1521,1537,38DCH97KHH2Z1TTJT9RU10MQ5UZJQ1
1522,1538,3KQC8JMJGCSB3MSR7YCDCFD0IAHH3R
1523,1539,37VHPF5VYC36NBNHXNT8S5OVL44C85
1524,1540,3HO4MYYR12OF5RLTQZHA2XEAM9L6UN
1525,1541,35JDMRECC490DODDCCBRA65WUZUEGG
1526,1542,3ZLW647WALV7OWP9OD96PB7YTRZ23U
1527,1543,3MD8CKRQZZNZDU8J6OGU6QWV1G1JR2
1528,1544,3SNR5F7R92TE9FJ820BUVIIC9CMEI8
1529,1545,3T2HW4QDUV761G6R2FZMS1J65AMC9U
1530,1546,3ODOP6T3ASKS6S8DOREPZGZ47RV24F
1531,1547,3ODOP6T3ASKS6S8DOREPZGZ47RV42H
1532,1548,302OLP89DZ7K6ZGWULDMOWUQBS4CA9
1533,1549,3M93N4X8HKNBE98WLDGZW01RNIKJSQ
1534,1550,3S1WOPCJFGTA4Q3EKIWU7JXCMRBEJK
1535,1551,3L1EFR8WWT5D4SQ1THPN07492NE9F2
1536,1552,3HKIF5DF6YXJISMW41V5IS4L32E9G1
1537,1553,3CESM1J3EI3SXVAYLZWBKLZ77PW6WM
1538,1554,366FYU4PTGP5FA9W23W68YXP1GBEKJ
1539,1555,39I4RL8QGJHWLIBV7CHWMK56WADH4C
1540,1556,3I4E7AFQ2KZCT9LBADLP65XDP1YJTF
1541,1557,3IWA71V4TIG7MVFOV4SXM4DEGR26XF
1542,1558,39WICJI5ATSXU7SLDKIKCMH5E0XZ3Y
1543,1559,30OITAWPBQ3XIOH7O7DN3SGMI2R9H0
1544,1560,34OWYT6U3WHXEJSRUPV834H1IF69IT
1545,1561,3YOAVL4CA0HIC3BPDYN3MR9BS0TZ4J
1546,1562,30EV7DWJTVVWM05Y00EZ5IKNIXW6YL
1547,1563,37YYO3NWHDQ8ZEDUEZ9DURKEBVPCCB
1548,1564,3QGTX7BCHP208MFPR36DRJFPSWOZ5O
1549,1565,38O9DZ0A62N6LFCR7F74WEJI3I1260
1550,1566,3IZVJEBJ6AKWRQF3WMGIJPTPOR06ZC
1551,1567,3BPP3MA3TCKGZGREN387NYA4QGGELM
1552,1568,31ANT7FQN82EH1FVLH06RCBKW68H5H
1553,1569,3DFYDSXB2W0RTM00AIBZB1JF8F5JU6
1554,1570,3IZVJEBJ6AKWRQF3WMGIJPTPORZZ64
1555,1571,3RQVKZ7ZRKJPPFQWQPCW2SJEYTL27Z
1556,1572,3UZUVSO3P7V05Y9ZNF9MNBPTQL6EMO
1557,1573,3421H3BM9AHT9UCXC7G8F5W1VUV9J5
1558,1574,3H1C3QRA01JNWCX8AQF8KFKHW72CE4
1559,1575,3OZ4VAIBEXFR61P0F8L47NLYMMEJVV
1560,1576,3TC2K6WK9G2TPTVF0U42GSF99DR28M
1561,1577,3I7KR83SNADOKEIFUSGKGKWEAJV9K4
1562,1578,385MDVINFCF4LQP55IQ0TP4CTVGJW5
1563,1579,36KM3FWE3RCIT5NIB28IJ4QZ1V170K
1564,1580,311HQEI8RSGFVQT8FWLAP3TLJ2JZ73
1565,1581,3XU80RHWHZG296N0S5XDSVW2R5R44D
1566,1582,3FJ2RVH25Z6T3YEP5MAGGOAKTJ929B
1567,1583,3EN4YVUOUCSJAQUVFNMMV8IJ2XMJXY
1568,1584,344M16OZKIF6NGUZZGOM0QETVBGENO
1569,1585,33NOQL7T9OZJV4YRP1DG33PGUMPZ8Q
1570,1586,3CVBMEMMXBGT45TE9AF3PWPGNC3H7W
1571,1587,3MJ9GGZYO3678HOUXSOGCJL4Z1R2AQ
1572,1588,3566S7OX5DJI0U807LCIX9996N771N
1573,1589,3WUVMVA7OB3XESR6MZXUZUVBKAPZAU
1574,1590,3NQUW096N68Z4K0XFSSLVK9TZJ09L7
1575,1591,3H5TOKO3D9JGOTREBTQSPTGGNWX46Y
1576,1592,3EHIMLB7F7ZX4JYXJF793WLBYW9H8J
1577,1593,3W5PY7V3UP78AVK5KJ8OEMPS43GJY4
1578,1594,3RQVKZ7ZRKJPPFQWQPCW2SJEYTL724
1579,1595,3W1K7D6QSBH2X2WYSDXQU5FH2SAZBP
1580,1596,360ZO6N6J1JJA2IIF4T0VXOIZOQ9M9
1581,1597,307FVKVSYRFZST5JU3VKV7GCI7H47X
1582,1598,30OITAWPBQ3XIOH7O7DN3SGMI2RH98
1583,1599,3MQY1YVHS3KCRRTM36OC7U5AHJC2BL
1584,1848,3EQPA8A374W8FLUAG5A7STYUAXKJZV
1585,1849,3126F2F5F836Q16CFV1E4FJOVQHEPK
1586,1850,32TMVRKDGNY3S7A248NQ97C7TRN48K
1587,1851,37G6BXQPLQLRQD7RF8G34K9Y0M3EQB
1588,1852,37OPIVELUU3BN7RCGDRNZNR6OK9HAN
1589,1853,3G5RUKN2EC3PSK3IR5808CDI4E09N9
1590,1854,3SBNLSTU6U5VCZUI69OWPV3H5DMZDW
1591,1855,3TFJJUELSHPV1WLSH6K7IEBSZ4C2CS
1592,1856,3BFNCI9LYKQEAXMFUPQ1L2O647L73F
1593,1857,3V0TR1NRVA2HBV3H16745YI2JFN4AO
1594,1858,37VE3DA4YUHG6HW4MRRJUYBC62UHBI
1595,1859,3DTJ4WT8BDF0458I24ZGVDL25PNZEP
1596,1860,3I01FDIL6M856OR6H2FI2KTAK4O2DS
1597,1861,3ZXV7Q5FJBOF2QX451ZE2X5H88HCFM
1598,1862,3LXX8KJXPW97A53USK8DN1DNUO59OO
1599,1863,3VP28W7DUNKSAJ8EXFJMDV62HQ2ZF7
1600,1864,33IXYHIZB5IAYU56DXQ282BVKGP2EL
1601,1865,3VGZ74AYTGGLGQTZGL5WKI5T9NHCGL
1602,1866,3LG268AV386R2EMRSN539AJ3W85ERC
1603,1867,3W0XM68YZPV6V9FKQF1R1EEVC77K16
1604,1868,3D3B8GE892RPV5FV7KLSC1ID4T19P5
1605,1869,3LCXHSGDLT633TM47C58ZKOZIAOES0
1606,1870,32W3UF2EZOL54A0FLK3VBT8QJI84CQ
1607,1871,3EKZL9T8Y8MZGMOA0RNE5IHUONUHCP
1608,1872,3LEG2HW4UFN2485288A8QKWVWH42F3
1609,1873,307FVKVSYRFZST5JU3VKV7GCI7H740
1610,1874,335HHSX8CD59LEUO0NIPPOZC9N6HDP
1611,1875,3EKZL9T8Y8MZGMOA0RNE5IHUONUCHK
1612,1876,3KI0JD2ZU1ID7G9XDROZS50QEYN76L
1613,1877,3JHB4BPSFK9AVHGA7X0HC68N9PN9QW
1614,1878,3IKDQS3DQE0ZCHZU695Z5UI9O09CID
1615,1879,3R868ACW4SCYOJ498ZP4VG6EI52ZG6
1616,1880,33KMQD9OFJEWBGN2W1TRYJ0M99777K
1617,1881,3XD2A6FGFNUM8XVNZ1PM76NORD89SL
1618,1882,3AC6MFV69KICOFZKS57MGGIFX5FZH5
1619,1883,3HXK2V1N4KF8I81XJSGQ85W7XW42G2
1620,1884,356TQKY9XFX0BUSL66LXCJWHKTD787
1621,1885,3H781YYV6TI4ITZJWCAY9PKLKT2ETP
1622,1886,3T8DUCXY0N6NNX82O1UCHBJATWM9TA
1623,1887,3OND0WXMHWFEDK8OWIT9V6HX9Z7HEI
1624,1888,3IYI9285WS0V7SJ0ORQZHVX91FYCJP
1625,1889,3RHLQY6EDT4F926TLGY6VZQ84IK4DQ
1626,1890,3RDTX9JRTY10PZBVBYRBCFRS4ZV79W
1627,1891,3ECKRY5B1QWCKAA4YNP7GSJUXIUZIY
1628,1892,3EQPA8A374W8FLUAG5A7STYUAXJZJA
1629,1893,3CIS7GGG65JJI6E8WH08EL6N379EUG
1630,1894,36JW4WBR06K6JY8KRTDFDO2XL0MHF0
1631,1895,32204AGAABCCXY4F2DJXV929MFMHGZ
1632,1896,3SV8KD29L4S3Q50SYQAJT8Y7PMJZK9
1633,1897,3N2YPY1GI6YJVL3817ADA786HEIEV5
1634,1898,3L60IFZKF3IQXUZQMJ1FG9EA1FZHHY
1635,1899,3P6ENY9P79WQTPAAS1J0GLFP1SEHIR
1636,1900,3CZH926SICEK18KTHB9Q1H8T4UL4EJ
1637,1901,3PKJ68EHDNWMO0UGAJ40SMUPE73HJ3
1638,1902,3J9L0X0VDFMFFECWJ6ZN4VQ9XQ49W0
1639,1903,3DQYSJDTYLBBZA831MBVYS5RXPQEX8
1640,1904,3PR3LXCWSFZU4EHMTBV96E4G6SA9XT
1641,1905,3UV0D2KX1MJC7MKPCMTWJZTTGV04F1
1642,1906,3XEIP58NL0NEABIAJQMK88BMEMOZLC
1643,1907,3W31J70BASWQICPI6CQBIAXMG4YCKO
1644,1908,3YD0MU1NC21EUIL0345B8A2CAHD7AB
1645,1909,301KG0KX9CLMI4W83YY8T588CWH2H1
1646,1910,3QE4DGPGBRBILMGKN6ZE1KT5HA04G0
1647,1911,39I4RL8QGJHWLIBV7CHWMK56WAD4HZ
1648,1912,379OL9DBSSEJ4J7WY7HBPSBP8Y49YZ
1649,1913,3GONHBMNHVYYGT0VJ2NZ8LQBEREZME
1650,1914,3DTJ4WT8BDF0458I24ZGVDL25POEZ5
1651,1915,31MBOZ6PAOR12I70RC2CXAA1543CLR
1652,1916,3PUOXASB573J99H1UTJU3ZKRES89ZQ
1653,1917,3087LXLJ6MGV8Y2OTL6U7W3GZJKF0W
1654,1918,341YLJU21IZMEZ7S9GGTTH9NC9W2IU
1655,1919,3KWGG5KP6J2L80PLRO3RXNPQ59TCMT
1656,248,31D0ZWOD0AZ0C7LGI5K2TVSP237A0E
1657,249,3VLL1PIENQOMGWL7WI2C0PFG9RTZOT
1658,250,3YKP7CX6G2FJDSQS9I573LMISZY7B6
1659,251,3LEG2HW4UFN2485288A8QKWVWH4F2G
1660,252,33P2GD6NRNSHZK0YS44CT1U2TW3HK2
1661,253,3IKMEYR0LWVDKUXG9J156XO04DL2K5
1662,254,30ZKOOGW2W60JW6YEOO270BZ7VDA1H
1663,255,3UV0D2KX1MJC7MKPCMTWJZTTGV0F4C
1664,256,3IKMEYR0LWVDKUXG9J156XO04DLK2N
1665,257,329E6HTMSW225CTZDJFAP7TSARLK3Y
1666,258,3MNJFORX8B4U35OPQRC6ORZ7GRVF5H
1667,259,3N3WJQXELSQO40FYUJD6LX1FTDQ2L8
1668,260,359AP8GAGGK2NXIYNI12E5S0AKY7CD
1669,261,3NRZ1LDP7W641WX8BIFRPPK6JWPZPA
1670,262,3RIHDBQ1NEYCP801DGHS8EM6I1YHM7
1671,263,3R16PJFTS3RNN8C3DXKTZCLYORHK4J
1672,264,36D1BWBEHN18AIXJUVELLAG4TIG2MA
1673,265,3T5ZXGO9DEOP18YNBVUGPUAGOSBZQ1
1674,266,3UUSLRKAUL3CSPOCNEWDYBAIVKA7DD
1675,267,3ZTE0JGGCES983AX44I4PREV098CO8
1676,268,31N9JPQXIPII7QL1PHWSLTB6NR8HN7
1677,269,36818Z1KV3DWTZKD1S2LVTQW5FRA39
1678,270,3JTPR5MTZSC5JRG3R23344RCONCK5O
1679,271,375VSR8FVW9PD9DNOAJGUKKLKEDZR2
1680,272,3RZS0FBRWKART3MYJ4VJERJLAE4CPP
1681,273,3GITHABACYLES0IJ6WTLYP54Y8Q2NA
1682,274,3V0TR1NRVA2HBV3H16745YI2JFNA4U
1683,275,371Q3BEXDH91EOD03ZJLKUPH6GWZSQ
1684,276,3BCRDCM0ODU12VGHWLD8WA5CKINK64
1685,277,3FCO4VKOZ4DHKV2CJ97X4TS3VWB7E6
1686,278,3DIIW4IV8PVWHDMFDUZHMW6LWNS4IS
1687,279,3YLTXLH3DF6IABXE5W9KPIG1N69HP3
1688,280,3DGDV62G7O9EVLUWMB6D2EAZYNR2P6
1689,281,3XDSWAMB22SCTFNDJHA8EW9VFAQCQG
1690,282,3NSCTNUR2ZNZ7E7HFBQEAQOGJBIA5Z
1691,283,3X878VYTIEI9Q928EKR3MBD37XQ7FO
1692,284,3E6L1VR4XWMQM9O3VAMBGXD7CM6F6X
1693,285,33W1NHWFYHL2TOQFSZOBUZL38ZAZTF
1694,286,3JUDR1D0D6RZVXVBMOL22J093JD2QX
1695,287,34ZTTGSNJXO3ANYT59O9PN6BS2VHQU
1696,288,3FBEFUUYRK5VQI7VKU0J2W2GF6TA6F
1697,289,3Y7LTZE0YTMHT154S4ELZV75RDHZU6
1698,290,3IZPORCT1F93MODTIOD9UDGGOOXHRV
1699,291,3UEDKCTP9VQK6VUMFVI02O58FT7K73
1700,292,3ZUE82NE0A1DQN7ROPJ90B9YIHWF8J
1701,293,3DWNFENNE3VSCO6LVCKHYXLL92H4J4
1702,294,3L1EFR8WWT5D4SQ1THPN07492NEF98
1703,295,3I7KR83SNADOKEIFUSGKGKWEAJVK9F
1704,296,3B9J25CZ25DO6V2QBLZD9WOWXYBCS5
1705,297,3YD0MU1NC21EUIL0345B8A2CAHDA7E
1706,298,39RRBHZ0AU1H6GU4XUOQVH9O5KQZVV
1707,299,3R16PJFTS3RNN8C3DXKTZCLYORH4K3
1708,300,30Z7M1Q8UYKIUWQJD9XHMAY7L1JA81
1709,301,3IVKZBIBJ09FN3D6XDDEKNLCAQGHSJ
1710,302,32FESTC2NHQ4L8UU0QUDOX6KIVWCUL
1711,303,3TLFH2L6Y9OCNDN33SFX7OBWNQC2TB
1712,304,3T6EIBTM9LOWDKJYA7HVI142BPJAA5
1713,305,3P7RGTLO6ED2PXSKMYUKCF7YG1DKAU
1714,306,3TD33TP5DL21WUOQGLHRDCO8T74AB0
1715,307,3TRB893CSJAF49Y3P4XL4WDF8CQ7GN
1716,308,3DZKABX2ZI54YNJU5G4IKJ83W25CVA
1717,309,3FULMHZ7OUXIDWC6Y9X9EPD2DWC4M8
1718,310,3OWZNK3RYLPRNQ2S3X57CKXY64J2U2
1719,311,3TX9T2ZCB91UL5U9N4TMHJS2CTSZW5
1720,312,3S8APUMBJXJWSL5YR13JRDZZQNHFBI
1721,313,3X52SWXE0X5HDCJZVQ9E6LRH3B7CWK
1722,314,3GVPRXWRPHUT004YFSXOP8QVNPI7IF
1723,315,33NKDW9FFXIW2COP5V50845OCDDCXD
1724,316,3ZFRE2BDQ9E9A5ZZX9P8J269LVYZXY
1725,317,3ZXV7Q5FJBOF2QX451ZE2X5H88HFCP
1726,318,3URJ6VVYUPN6DZXIBPCM6T278WR4ON
1727,319,391FPZIE4CMV2G5AMI8EZO30VN1HUZ
1728,1981,3ZG552ORAM4R05RS8NFC86ZHKBS2VR
1729,1982,302OLP89DZ7K6ZGWULDMOWUQBS4AC7
1730,1983,3HXCEECSQMTYAAP925BA2GDIN1SZY4
1731,1984,3W31J70BASWQICPI6CQBIAXMG4YKCW
1732,1985,3OID399FXG7P7I3I5XUPM3NZT8TFDP
1733,1986,3KLL7H3EGD1VFVUAR8IJVA5J9UAHVO
1734,1987,39HYCOOPKOLVDSVZRKY2HT78Q95MD3
1735,1988,3G9UA71JVVUPVBO4XAIO195V0477JR
1736,1989,3PN6H8C9R4QUBRMAUH8X82C8WSGAD7
1737,2031,33Q5P9PUSPML77O46DTL5PLZKDBCZA
1738,2032,386659BNTLH4IJ8GMMR9IUZMY9101G
1739,2033,3909MD9T2ZHUZOHI1S59SL5KTKUFEI
1740,2034,3MXX6RQ9EV5OYZ9JQPP1VT7XI1N4P4
1741,2035,3A520CCNWN0Z3X0AQCJHEKUTW4HAE0
1742,2036,3RWSQDNYL9MM52HEW3PFA3QK5L9FF0
1743,2037,366FYU4PTGP5FA9W23W68YXP1GBKEP
1744,2038,3UQVX1UPFSHB74QC5QRNND9RQFF02X
1745,2039,3A9LA2FRWSENJKZ5RNJ1JV24P5IHXR
1746,1941,3UZUVSO3P7V05Y9ZNF9MNBPTQL6MEW
1747,1942,3S1L4CQSFX5R9B06LN3NW2FT85WAFI
1748,1943,3NFWQRSHVEESJ2D97NVXSOQW609FGZ
1749,1944,3O2Y2UIUCQUXLO9SXEGCQGIPDHQKF7
1750,1945,337F8MIIMZDLAI5Z94ABGS6PATB04T
1751,1946,3SR6AEG6W5TCJPPFWJ53299DRBCHYX
1752,1947,3CVDZS288H0SBC9VIQTS5TAT2MLMFE
1753,1948,3XUSYT70IT1YAEOS2FB4JW0VN64D0J
1754,1949,3OKP4QVBP2XXNBW1W795ENF59KWAGH
1755,2001,36JW4WBR06K6JY8KRTDFDO2XL0MFHY
1756,2002,3KL228NDMVM3ZO5N8YMU81I1EWQKG6
1757,2003,3JVP4ZJHDPSFIP4EUTCFATG8FBCI0Q
1758,2004,3SBX2M1TKDN9YBAYQ24QVYX7NX94QV
1759,2005,38EHZ67RIMSYPC5QTAZANEA531LMGD
1760,2006,3UEDKCTP9VQK6VUMFVI02O58FT77KQ
1761,2007,3WGCNLZJKF8YH39AYYF4X1J5SYAD1M
1762,2008,37OPIVELUU3BN7RCGDRNZNR6OK9AHG
1763,2009,33P2GD6NRNSHZK0YS44CT1U2TW3KH5
1764,1991,3IH9TRB0FBZFPEPWQCGFOYZIK3II1T
1765,1992,3RIHDBQ1NEYCP801DGHS8EM6I1YMHC
1766,1993,3I7SHAD35MWFWJUP07VGH1XC4Y27MV
1767,1994,3I01FDIL6M856OR6H2FI2KTAK4OD23
1768,1995,3EPG8DX9LKQ6UIDJ4U8B0LDBIXIP5U
1769,1996,3VIVIU06FKCCL3BLJYZD8QNLIEDMI5
1770,1997,3AXFSPQOYQY2A43AFTG0P1ICYSQFJ3
1771,1998,3PA41K45VN4LHMR2SNN8Y5R793DP79
1772,1999,3VW0145YLYC8GEVR1GKDKR2LVT2MJH
1773,2011,3SCKNODZ0XGLE1FPC8AGUGMC9OC7NV
1774,2012,3OQQD2WO8I6BZH3BDGUYCREFINWI3L
1775,2013,32PT7WK7DMFUR6NPL2TNLUY2QIOD3E
1776,2014,37PGLWGSJT6HVFBIYMMXTDVHT9IKIY
1777,2015,36BTXXLZ2V89ACPY3HTQ0O7CJJB4RW
1778,2016,3DIIW4IV8PVWHDMFDUZHMW6LWNSI46
1779,2017,3O2Y2UIUCQUXLO9SXEGCQGIPDHQFK2
1780,2018,3RHLQY6EDT4F926TLGY6VZQ84IKD4Z
1781,2019,367O8HRHKG8LBRPBI6TVQYC85LU4SK
1782,2021,35A1YQPVFEGEDWQFRZIRROCZWJNI5B
1783,2022,3BO3NEOQM0HBJ22WMV98ZZSLOXOAI9
1784,2023,3TL87MO8CMP85URAIESD5GV42HVFL5
1785,2024,373L46LKP76DQQVOG47X5EAH6O7KJA
1786,2025,3RWB1RTQDJNPH0WL2SFEC5N2KNJP8W
1787,2026,3XUY87HIVPEYHM1C4DX50JU2ZNXMML
1788,2027,3PA41K45VN4LHMR2SNN8Y5R793D7PR
1789,2028,3XT3KXP24ZYAW0QTWISWJUQZSEYI6R
1790,2029,3CVDZS288H0SBC9VIQTS5TAT2MLFM7
1791,2081,3J94SKDEKIPX5LATZLHG0RWM4EFD54
1792,2082,37ZQELHEQ0Y4Z4MCGEC5DYJ24D7MNL
1793,2083,3M0556243SKYTUUVUR8SI8ZT7CVFN7
1794,2084,3K3IX1W4S6R30OP0ZQZS8WTXABJPA0
1795,2085,322ZSN9Z5GKMQR2Q76YL038U7484T9
1796,2086,3B286OTISEH7EDM24DU8B07L1CDAJL
1797,2087,3L84EBDQ37281A16YP796TAULD7KK9
1798,2088,3KA7IJSNW658JYUS54ZO37D3ST4PBV
1799,2089,3P7RGTLO6ED2PXSKMYUKCF7YG1DAKK
1800,1921,38XPGNCKHT013J6FC1Y01LWF4PO4VP
1801,1922,39O0SQZVJN76TZ7H5FRX30RMAL17RJ
1802,1923,3UQ1LLR26A8D93A27Y6LRFKD51IALN
1803,1924,3RSBJ6YZECQGBFU7V685XXZYXM0FOM
1804,1925,39KV3A5D187IUE7UK4R2TAWIWNK7S7
1805,1926,3D06DR5225JXFLSN7A70RSZ2568AMP
1806,1927,3WGZLY9VCHMGS3TVXJOJCB6D64GD86
1807,1928,3QREJ3J433XJLGJOJPJALTN9ADCKLC
1808,1929,3S37Y8CWI80EI86K2B3WNNFTBYQ4WZ
1809,2051,3N5YJ55YXG33X3DNJBM047O2AWIANP
1810,2052,391JB9X4ZY83RY19J1KPL62YAI2KME
1811,2053,3JYPJ2TAYI8YWF68A6LKMX4O7RWFP3
1812,2054,35F6NGNVM8JJ9EK994WS3FS4Y6Y7TW
1813,2055,3YLPJ8OXX8DT78BACGZIP6T0K0W4XS
1814,2056,3J6BHNX0U9S99GM9V2ZPYLRYF8CKNE
1815,2057,3K3IX1W4S6R30OP0ZQZS8WTXABJAPL
1816,2058,3G3AJKPCXLSI7D1KHCLK8K09M6Q4YY
1817,2059,34OWYT6U3WHXEJSRUPV834H1IF6I92
1818,2071,3GKAWYFRAPT1YVSCJ0QUYX13VEGPD2
1819,2072,3QHITW7OYO9O00QFZ3EH81J7F75AQC
1820,2073,3YOAVL4CA0HIC3BPDYN3MR9BS0U4ZP
1821,2074,3INZSNUD80QG68C52BUXC71OQAYD9V
1822,2075,3OYHVNTV5TYRR1MLWHZ2DAR35IHKOT
1823,2076,3126F2F5F836Q16CFV1E4FJOVQHPEV
1824,2077,30QQTY5GMKKY9RZY99M28BE6HK57UN
1825,2078,3PN6H8C9R4QUBRMAUH8X82C8WSGDAA
1826,2079,3VZYA8PITOY3619ZN9TLLKC3AP6503
1827,2061,3JYPJ2TAYI8YWF68A6LKMX4O7RWPFD
1828,2062,3BO3NEOQM0HBJ22WMV98ZZSLOXOIAH
1829,2063,3G57RS03HH5A2BCD2WXZ485I7NQ52N
1830,2064,34HEO7RUG6UOC15FCI3HDRTCBT7ARD
1831,2065,30UZJB2POHCZNT8W6WB4NIAAD1Q53Y
1832,2066,3BVS8WK9Q0VG2C7OS994UACR6F9IBC
1833,2067,3PUV2Q8SV44ZU1R20V8T3DWEEA1DB5
1834,2068,3FHTJGYT8N04AF23LQR24I4086WPGC
1835,2069,3G4VVJO6PZG9C1YMBHCH2AWTFNDKPA
1836,1961,3YLTXLH3DF6IABXE5W9KPIG1N69PHB
1837,1962,3CRWSLD91K4MHPMOHTCISNJ7UNCMO0
1838,1963,3MIVREZQVHYUCDZ1BUR62FM3KJZKQ1
1839,1964,33CLA8O0MIBJ8SMNNYP9RS4389KFRV
1840,1965,3BAWBGQGYLZYM6OYEZW74XGPVRE7VC
1841,1966,375VMB7D4JJ9H958650AP00R90LIDJ
1842,1967,3VGET1QSZ0ZB1VO34913QZZ320G7WM
1843,1968,3SNR5F7R92TE9FJ820BUVIIC9CMIEC
1844,1969,34D9ZRXCYRU0DG5SR73M31Y8XVQAS1
1845,1931,3WJGKMRWVI9I46J8EV4OEX2WWV1DCC
1846,1932,3Z3R5YC0P3NWO7ZFRNU4R75LWUHFT8
1847,1933,308KJXFUJR61SGI7G78CD6UUZE4ATQ
1848,1934,31YWE12TE0CQQVTTEEXPSIDAB2M7XF
1849,1935,3AJA9FLWSCY6FTJ4XBV0D03CLD1IFU
1850,1936,3UEBBGULPFOBOKE4RSKEW3RNF8OFUZ
1851,1937,32L724R85LKI668YBER5PUHGNJOPI4
1852,1938,3VJ4PFXFJ37GSTXWGCYMI2GWISBAUH
1853,1939,362E9TQF2HQCTTFZ8V1IVL3OMS1IGT
1854,2041,35YHTYFL1G3B1Z34WIUJSPT6TFXFVO
1855,2042,36MUZ9VAE62X143MAMAJ4L2ZH7EDE5
1856,2043,3PMR2DOWOO1K5PR06AGNXN2GR1M54J
1857,2044,363A7XIFV4MG58MWL28REOIFWZKAV6
1858,2045,3P4ZBJFX2V3OGO39MSZFERCK0OZFWY
1859,2046,3OID399FXG7P7I3I5XUPM3NZT8TDFN
1860,2047,3LN50BUKPVBKW7G4WHOIHA984NIPLI
1861,2048,3W9XHF7WGKV74TRTSYL17KXQ4QYKTF
1862,2049,3Q9SPIIRWJMTKXM1BCDN0Q1T38MAWG
1863,1971,34XASH8KLQM42PYPWTPXHNOX4S8MPH
1864,1972,3P6ENY9P79WQTPAAS1J0GLFP1SEIHS
1865,1973,3VMHWJRYHVG35O8ZWXV1GAQR9Q5FXR
1866,1974,3JGHED38EDRFQ0J3JAJRBWKJD8G7YL
1867,1975,34XASH8KLQM42PYPWTPXHNOX4S8PMK
1868,1976,3RKHNXPHGWWM466IS3BBCGJSN45KU6
1869,1977,3WRAAIUSBJZ89XRRLH9929F0CASAX9
1870,1978,39XCQ6V3KY4YKCVEPY92ULMUNSS564
1871,1979,311HQEI8RSGFVQT8FWLAP3TLJ2K7ZC
1872,2091,3ABAOCJ4R84P21Z4W64MHSE79OUMQ8
1873,2092,3JU8CV4BRLCS2SJ1994A9RD2ZSNPOZ
1874,2093,3T6SSHJUZFAQPKLUYJ1LGXG415TIIL
1875,2094,3OB6JN3A9QPPE2E49LTMMIOC5AWMR9
1876,2095,3B0MCRZMBRUANSV2O9HPYRIS9XJPPG
1877,2096,3TKXBROM5TAMKV50G1MLSYV4EKIIJX
1878,2097,3K1H3NEY7LZVLIZDGH074ONBUNTDGM
1879,2098,386T3MLZLNVMTJS1L70OX4MUCF7808
1880,2099,324N5FAHSXBMHLVIXTLG82LB1BEKVV
1881,2101,37PGLWGSJT6HVFBIYMMXTDVHT9IIKW
1882,2102,335HHSX8CD59LEUO0NIPPOZC9N6DHL
1883,2103,3D42WVSDH8VS5TY91TH3ZOX0BWZFYX
1884,2104,3E9VAUV7BWEX92H1QDVBLNM9EGMAYF
1885,2105,3C8QQOM6JP1SFLT0JMYY8D8WI9NILZ
1886,2106,3UL5XDRDNCJLOQE2ID60EZILTNI58Q
1887,2107,3VIVIU06FKCCL3BLJYZD8QNLIEDIM1
1888,2108,3MA5N0ATTCBZWAVNN3QCU44P8KGKW5
1889,2109,3HEM8MA6H9CVN4WHOMWEYW82ET5PQ7
1890,2121,37SDSEDIN92M08DJHQ4OB954H7D81B
1891,2122,37J05LC5AXJ5CKPEONLA11FRMFADJQ
1892,2123,3GS542CVJVNL2VXCN5CEEVDWDT059F
1893,2124,3VP28W7DUNKSAJ8EXFJMDV62HQ3FZO
1894,2125,35NNO802AVWI3LWLVZEDL5CLN4NIN1
1895,2126,3SSN80MU8COELA0DX8MYWNIWHMMKXY
1896,2127,3TC2K6WK9G2TPTVF0U42GSF99DR82S
1897,2128,3VADEH0UHCX70KBUGQLJTWN3WHQPSW
1898,2129,3LOJFQ4BOXF0N4VW68LM2GF414ADKP
1899,2141,3AA88CN98P33LFQN2480F1P5JSGKY4
1900,2142,3WUVMVA7OB3XESR6MZXUZUVBKAQAZ6
1901,2143,3D1UCPY6GG9IABRY4UI7Z2K1FRR833
1902,2144,3NZ1E5QA6Z14QOC9LPQA518M1T35BP
1903,2145,3O71U79SRBP1FHEHOATRCST8RCFMSX
1904,2146,3AFT28WXLF20L6WXWEEQ0UCQDESIOG
1905,2147,31KPKEKW4AD5VHQ8OJKYO6CVKLSB0A
1906,2148,3WRBLBQ2GR81MYYJ45CCPH3S0YKG0W
1907,2149,3R5OYNIC2C98FKO95QQ931JPY04PTL
1908,2131,32L724R85LKI668YBER5PUHGNJOIPX
1909,2132,306996CF6WK526BQK2OY2BV5PDYB1D
1910,2133,32TMVRKDGNY3S7A248NQ97C7TRN84O
1911,2134,32XN26MTXZJH8QCKFW9S2980WF6L07
1912,2135,38Z7YZ2SB3236I9DBR6UPZ7QSFAIQO
1913,2136,3K2CEDRACB12UHRWDAYHMXPUTVTMTM
1914,2137,3Q7TKIAPOTAB7ADER8XNHGSJQ4FDLS
1915,2138,3UL5XDRDNCJLOQE2ID60EZILTNI85T
1916,2139,31J7RYECZLQHFFX2BFDSGERA17CL1A
1917,2111,3J94SKDEKIPX5LATZLHG0RWM4EF5DW
1918,2112,3MZ3TAMYTLN3IJODO6VUUPHVO1CIRP
1919,2113,36FQTHX3Z3R1C9P5762HQ4A2NXCB35
1920,2114,356TQKY9XFX0BUSL66LXCJWHKTD878
1921,2115,3MG8450X2OANFX3Y5VGJ8X5RHEBPUC
1922,2116,3VDVA3ILIDF1TNJ10OGC3MM25QQG1Z
1923,2117,3N3WJQXELSQO40FYUJD6LX1FTDQL2R
1924,2118,3FDWKV9VCN2HUU6LDFORRTBWC90MUD
1925,2119,37S0QRNUFBG4B8X4GBD3QJSCVDJ88V
1926,2151,3X0EMNLXEPPNSCSYALQO4J7AVLKPV1
1927,2152,37SOB9Z0SSXDPIBHYJRB4767ZRQL32
1928,2153,34R0BODSP1Z2XROTVGS069E74QG5EP
1929,2154,3V7ICJJAZAGMU5897K7009281X8B4Q
1930,2155,31MCUE39BKMX3QXGNSUVRF1Z3A4G3R
1931,2156,3WKGUBL7SZMY7EULYXWUECYDDRML4N
1932,2157,3MNJFORX8B4U35OPQRC6ORZ7GRV5F7
1933,2158,3NZ1E5QA6Z14QOC9LPQA518M1T3B5V
1934,2159,3H6W48L9F4P071S30VVKQLQO2UMPWB
1935,1951,3QE4DGPGBRBILMGKN6ZE1KT5HA0G4C
1936,1952,3MVY4USGB6NFJYOQ3VVZKZMRA3VISD
1937,1953,3OCZWXS7ZO7G3XYLC2F4J44RDNHL5S
1938,1954,306W7JMRYYYND6VBJNXDHLID3J48BU
1939,1955,3FI30CQHVKJ09SCNQ80FX7MMXOEB6B
1940,1956,3I6NF2WGIGW0H5KK1BIO6CZJH6VG5H
1941,1957,3I6NF2WGIGW0H5KK1BIO6CZJH6V5G6
1942,1958,39HYCOOPKOLVDSVZRKY2HT78Q95DMU
1943,1959,3GV1I4SEO9PCM1YZHLP9BAIR9ISL68
1944,2221,3YKP7CX6G2FJDSQS9I573LMISZYB7A
1945,2222,3NOEP8XAU42FW1XTA0R6S44VBWSPX4
1946,2223,35A1YQPVFEGEDWQFRZIRROCZWJN5IY
1947,2224,37VHPF5VYC36NBNHXNT8S5OVL448C1
1948,2225,3QX22DUVOOHH79VLI5YWNFDFQG9MV2
1949,2226,306W7JMRYYYND6VBJNXDHLID3J4B8X
1950,2227,3IQ9O0AYW6ZGYY15SV0PU4IDCM9IT2
1951,2228,35O6H0UNLSGA87AL9H3R3PRZ9YC5JA
1952,2229,3JMQI2OLFZ51VAGZ3LD2U8W8VZFDNU
1953,2271,3HYV4299H0WLK97VTEZ3ITOY6GH8EU
1954,2272,372AGES0I4508ED8NSVVXZ4ACEGRXY
1955,2273,3APP19WN71EW09KY6USTYIDJD16G6X
1956,2274,3OCZWXS7ZO7G3XYLC2F4J44RDNH5LC
1957,2275,3ZXNP4Z39RLVQ1C40VU1HOIN4TCL77
1958,2276,3A3KKYU7P3HUMYVQ8F3S9HWTXPBMWC
1959,2277,3TRB893CSJAF49Y3P4XL4WDF8CQG7W
1960,2278,3D1TUISJWI0VYBGUS0QZZ04FV0GIUT
1961,2279,37M4O367VJI09FG6CEGJJHJGDS75ME
1962,2181,31JUPBOORN4ZQFHNA0M7VOEIFDIL8U
1963,2182,3GL25Y6843U9BY0GIKZEB0A06RHMX5
1964,2183,3VDI8GSXAFTJ4N3MZ9PRIW9AJWWG8J
1965,2184,3HRWUH63QU26RX16OFVJWW8GIIH5NE
1966,2185,3VDI8GSXAFTJ4N3MZ9PRIW9AJWW8GB
1967,2186,3PKVGQTFIHKP8J3ISOHXGDBJEKARY4
1968,2187,3OLZC0DJ8JFVBQ5UXQ04VM6Y97PIVI
1969,2188,3MJ28H2Y1E8O9I1IPUVWBL8L8SM5OT
1970,2189,3MG8450X2OANFX3Y5VGJ8X5RHEBUPH
1971,2241,3OEWW2KGQJBJDVGB40DF9XWDL9KDO9
1972,2242,3YO4AH2FPDKSZNSX71HOJV7U6LTQ01
1973,2243,3A9LA2FRWSENJKZ5RNJ1JV24P5IXH7
1974,2244,3HKIF5DF6YXJISMW41V5IS4L32EG98
1975,2245,3SU800BH86S8F94D58V882V1MAXUQ8
1976,2246,3GKAWYFRAPT1YVSCJ0QUYX13VEGDPQ
1977,2247,3NQUW096N68Z4K0XFSSLVK9TZJ0L9J
1978,2248,3XAOZ9UYRZRS6CDF3KLOX0Q4BDZQ14
1979,2249,3EN4YVUOUCSJAQUVFNMMV8IJ2XMXJC
1980,2231,3OKP4QVBP2XXNBW1W795ENF59KWGAN
1981,2232,36U4VBVNQOD8RAJDINK8DS56IWZUR9
1982,2233,3MYASTQBG7BMY7TRJD5JY2RD0A2DQH
1983,2234,3JUDR1D0D6RZVXVBMOL22J093JDQ2L
1984,2235,3VGZ74AYTGGLGQTZGL5WKI5T9NHGCP
1985,2236,38RHULDV9YF8QF5ZN050HOPCGGRIWS
1986,2237,36QZ6V1589DKSPJQXCKD32A24YIUSX
1987,2238,30Y6N4AHYPWMA88RWSUJ3S1IWW4DRI
1988,2239,33J5JKFMK6YOGFRUQOZ7LT519XDQ3W
1989,2251,375VSR8FVW9PD9DNOAJGUKKLKEERZV
1990,2252,3Y3N5A7N4G9YB3QQNGLGUEH98XBMYB
1991,2253,3E9ZFLPWOYSNFFAPX51MJ73JPIXIXL
1992,2254,3SSN80MU8COELA0DX8MYWNIWHMMXKB
1993,2255,32LAQ1JNT9PL7PW5MCP3D76O6HWUTM
1994,2256,30U1YOGZGAWYBN84BHUOT26EIYNDS6
1995,2257,3K3G488TR28RUUEY47N00Q3LNT4Q5M
1996,2258,3B6F54KMR2C4JSSSVOATS055T1KS1V
1997,2259,3K1H3NEY7LZVLIZDGH074ONBUNTGDP
1998,2261,3WRKFXQBOB7CFK0Z21NO2LASRORIYR
1999,2262,3VCK0Q0PO5E7WQF5R9P7F1CP1A6N0B
2000,2263,38G0E1M85M50KH0UR7PIEPU932CUV2
2001,2264,3VO4XFFP15M6HYSHS02XYAHHEZZQ71
2002,2265,3NFWQRSHVEESJ2D97NVXSOQW609GF0
2003,2266,3XBXDSS888JP5GIVI8YZBNVB6MRXLE
2004,2267,3UXQ63NLAAMISDFUDC6HMQ4JNJ3LBT
2005,2268,3SMIWMMK615DZ60ZHHUE0RDNABEUWC
2006,2269,3XABXM4AJ15AHCX025U3CADCPJ5Q8O
2007,2321,31MBOZ6PAOR12I70RC2CXAA1543LC0
2008,2322,3ECKRY5B1QWCKAA4YNP7GSJUXIVIZI
2009,2323,3Y40HMYLL1ISO65PRMQ02ARUJDKUX5
2010,2324,3GL25Y6843U9BY0GIKZEB0A06RHXMG
2011,2325,3J9UN9O9J3SBD0OKCBXFMUV8SQ1J03
2012,2326,3QQUBC64ZEEFTGLGULEEOFZ0BHRXNG
2013,2327,3GMLHYZ0LEXHOBVZWIC2LOY3LJEUYB
2014,2328,3JY0Q5X05J6YX294I71FA9Q87F9GGZ
2015,2329,3WPCIUYH1A8ZQNLJ0HZE3720KH1DTV
2016,2161,3Y7LTZE0YTMHT154S4ELZV75RDIUZ2
2017,2162,3R0WOCG21M9EQ0080MPO83O23V8DUM
2018,2163,32K26U12DNOE3FP85CZT4PQLH2HDVB
2019,2164,3EAWOID6MTXK4VOET0BYPI62ND8V00
2020,2165,3VI0PC2ZAYKXB1LSV0ER34Z51RWXOV
2021,2166,3QHITW7OYO9O00QFZ3EH81J7F75QAS
2022,2167,32204AGAABCCXY4F2DJXV929MFMGHY
2023,2168,3Q7TKIAPOTAB7ADER8XNHGSJQ4FLD0
2024,2169,3GITHABACYLES0IJ6WTLYP54Y8QN2V
2025,2291,3XQ4XW3OD9CB8DAOESA7XJFAL7YS2C
2026,2292,3IVEC1GSLPZBKP928U1F0ZEIXI7J16
2027,2293,3BPP3MA3TCKGZGREN387NYA4QGGLET
2028,2294,3DWGDA5POF4KBK9WPJFY3NPCS5EV13
2029,2295,3MQKOF1EE2ORI4PDVM4PQR9ZOBJDWL
2030,2296,3S829FDFT21674U35R0BSAN6XDPDXE
2031,2297,34F34TZU7WZI9ARYRY1T5IONPOLJ2N
2032,2298,3HFWPF5AK9J0TV67ISOCGTK2RLYS3N
2033,2299,3KL228NDMVM3ZO5N8YMU81I1EWQGK2
2034,2311,3AQN9REUTFGV79KDANMDBOUFZJJDYK
2035,2312,3QO7EE372ONTJAV75HED3C3DXPQQBN
2036,2313,307L9TDWJYS3DIE2AW7QHZAW4MQN36
2037,2314,3XDSWAMB22SCTFNDJHA8EW9VFAQQCU
2038,2315,3NOEP8XAU42FW1XTA0R6S44VBWSXPC
2039,2316,367O8HRHKG8LBRPBI6TVQYC85LUS48
2040,2317,3SBNLSTU6U5VCZUI69OWPV3H5DNDZB
2041,2318,3MYASTQBG7BMY7TRJD5JY2RD0A2QDU
2042,2319,3P4C70TRMRHEJUN5TYYVN1VG3WVGL5
2043,2301,3ICOHX7ENCB32K2SYAMOPEIGNI5E0D
2044,2302,3TL87MO8CMP85URAIESD5GV42HVLFB
2045,2303,37Y5RYYI0P5C9TDL2HV0N996YGZXSS
2046,2304,3B623HUYJ4QMUSCDU9J87ASD77QS8F
2047,2305,3XD2A6FGFNUM8XVNZ1PM76NORD8S94
2048,2306,3P4C70TRMRHEJUN5TYYVN1VG3WVLGA
2049,2307,3NBFJK3IOHIMPFQ26QENFIZAY10GOM
2050,2308,388CL5C1RJNSJQIGD4GD817HIW8LH9
2051,2309,38XPGNCKHT013J6FC1Y01LWF4POV4G
2052,2201,3FHTJGYT8N04AF23LQR24I4086WGP3
2053,2202,3PCPFX4U40QJWR7NAJ09M2UYCNIQF5
2054,2203,3DWNFENNE3VSCO6LVCKHYXLL92HJ4J
2055,2204,34D9ZRXCYRU0DG5SR73M31Y8XVQSAJ
2056,2205,3LVTFB9DE5IPAR3IL36R4NUAD2IGQU
2057,2206,3CMV9YRYP31OAWD614JYKENWVOCLJE
2058,2207,3LVTFB9DE5IPAR3IL36R4NUAD2IQG4
2059,2208,35O6H0UNLSGA87AL9H3R3PRZ9YCJ5O
2060,2209,3Y40HMYLL1ISO65PRMQ02ARUJDKXU8
2061,2171,3S8A4GJRD33FI6ATVPRFYJGT0GUV61
2062,2172,39AYGO6AFFK2A11KTY5OO2MGEDSN6C
2063,2173,3ZVPAMTJWN3PMSIIYIVR9D4F9OKGRV
2064,2174,31D0ZWOD0AZ0C7LGI5K2TVSP2380A5
2065,2175,3BAWBGQGYLZYM6OYEZW74XGPVREV70
2066,2176,3ZRKL6Z1E831N7IVD7VWZN9BVQ3GSJ
2067,2177,34KYK9TV2R85WQAKXL3IYCIEFDBSBE
2068,2178,39O6Z4JLX2XS1LUPWC05YWTDXKTXVX
2069,2179,3TUOHPJXYHX5GAUUMM51KYCR4TVXW7
2070,2281,3G9UA71JVVUPVBO4XAIO195V047J73
2071,2282,3DW3BNF1GHI2MKTHO4ODIXCK6BKV8N
2072,2283,34ZTTGSNJXO3ANYT59O9PN6BS2VQH3
2073,2284,30U1YOGZGAWYBN84BHUOT26EIYNSDL
2074,2285,3D17ECOUOEV0ZB7D599SKSXT1LM31F
2075,2286,3QREJ3J433XJLGJOJPJALTN9ADCLKD
2076,2287,3SCKNODZ0XGLE1FPC8AGUGMC9OCN7B
2077,2288,3VAOOVPI3ZSU5M164PVB0T0OZDHLLG
2078,2289,38Z7YZ2SB3236I9DBR6UPZ7QSFAQIW
2079,2211,3UYRNV2KITZPEFK8MD2M8GI7K8IN8Y
2080,2212,3LCXHSGDLT633TM47C58ZKOZIAOSEE
2081,2213,38DCH97KHH2Z1TTJT9RU10MQ5UZQJ8
2082,2214,3Z33IC0JC0M20PCRTWURIT7VQH2V9C
2083,2215,3HUR21WDDUP95FPU1NNP5VX7F1VXY6
2084,2216,3G5RUKN2EC3PSK3IR5808CDI4E0N9N
2085,2217,3MIVREZQVHYUCDZ1BUR62FM3KJZQK7
2086,2218,338GLSUI43BV97M02NPEH29ZUB3SFW
2087,2219,3ZLW647WALV7OWP9OD96PB7YTR032W
2088,2331,389A2A304OIO5MIE2JGTZQID26T0C7
2089,2332,3EKTG13IZU3EB4JR41WQ06FDZI7LMI
2090,2333,3ZRKL6Z1E831N7IVD7VWZN9BVQ3SGV
2091,2334,3IV1AEQ4DRDTVPTN7FAUF91QBODJ8Q
2092,2335,3NCN4N1H1GH8GDIFPPMWZI88SE3NBX
2093,2336,3ZFRE2BDQ9E9A5ZZX9P8J269LVZXZX
2094,2337,3IVKZBIBJ09FN3D6XDDEKNLCAQGSHU
2095,2338,3421H3BM9AHT9UCXC7G8F5W1VUVJ9F
2096,2339,3JMQI2OLFZ51VAGZ3LD2U8W8VZFND4
2097,2341,3JAOYN9IHL2W9ELSSDNB8LCQZ50337
2098,2342,3XUSYT70IT1YAEOS2FB4JW0VN650D7
2099,2343,363A7XIFV4MG58MWL28REOIFWZKVAR
2100,2344,3MGHRFQY2LP18PJJYBYIWHAW5UAY0C
2101,2345,3MVY4USGB6NFJYOQ3VVZKZMRA3VSIN
2102,2346,382GHPVPHSRHRA4WSRSUIQ4WD5W34S
2103,2347,3R15W654VDT5WJHJWU37HFZI9J4QLA
2104,2348,36AZSFEYZ40LOIRORG8N9Z2LEH5VBM
2105,2349,32K26U12DNOE3FP85CZT4PQLH2HVDT
2106,2361,37MQ8Z1JQEW84ZMXDY2WF53B2SUY2W
2107,2362,3ABAOCJ4R84P21Z4W64MHSE79OUQMC
2108,2363,30EMX9PEVKJ6PTEE3YGBXF1427KSKY
2109,2364,3M0556243SKYTUUVUR8SI8ZT7CVNFF
2110,2365,3N2YPY1GI6YJVL3817ADA786HEIVEM
2111,2366,3G3AJKPCXLSI7D1KHCLK8K09M6QY4S
2112,2367,3087LXLJ6MGV8Y2OTL6U7W3GZJL0FI
2113,2368,3O71U79SRBP1FHEHOATRCST8RCFSM3
2114,2369,35NNO802AVWI3LWLVZEDL5CLN4NNI6
2115,2381,31HLTCK4BLVHFZZZ7201AATIUUXVG3
2116,2382,30EV7DWJTVVWM05Y00EZ5IKNIXWY6D
2117,2383,3NSM4HLQNRUGNGXWOZB3Y1YCJPRQQZ
2118,2384,3KLL7H3EGD1VFVUAR8IJVA5J9UAVH2
2119,2385,334ZEL5JX6FPFKZT1Q844WIDMCUSOI
2120,2386,3FVBZG9CLJEFMUTUOBUUAHFTFYY0HG
2121,2387,37J05LC5AXJ5CKPEONLA11FRMFAJDW
2122,2388,31ODACBENUFS0WC9G308T1DD1DCQSO
2123,2389,3J6BHNX0U9S99GM9V2ZPYLRYF8CNKH
2124,2371,3AXFSPQOYQY2A43AFTG0P1ICYSQJF7
2125,2372,3Z8UJEJOCZDIOGA89MOLZYFCZXA39O
2126,2373,379OL9DBSSEJ4J7WY7HBPSBP8Y4Y9O
2127,2374,3OZ4VAIBEXFR61P0F8L47NLYMMEVJ7
2128,2375,31ODACBENUFS0WC9G308T1DD1DCSQQ
2129,2376,36818Z1KV3DWTZKD1S2LVTQW5FS3A3
2130,2377,3TKXBROM5TAMKV50G1MLSYV4EKIJIY
2131,2378,3EGKVCRQFWS2SCMTWRV7GY6FWY7YBY
2132,2379,3XJOUITW8URTFWPO535Y369Z3WQQTD
2133,2351,3R15W654VDT5WJHJWU37HFZI9J4LQ5
2134,2352,3JVP4ZJHDPSFIP4EUTCFATG8FBD0I9
2135,2353,3TY2U1TEB7AIF6P6YJ7L4ZA4RZ7JJA
2136,2354,3D4BBDG7ZHWKMEHBL6YC1OGK5ID3C5
2137,2355,3E22YV8GG16AK7JP8U4XU2DX9IINPI
2138,2356,32PT7WK7DMFUR6NPL2TNLUY2QIP3D5
2139,2357,373L46LKP76DQQVOG47X5EAH6O7JK9
2140,2358,3AQN9REUTFGV79KDANMDBOUFZJJYD5
2141,2359,37NXA7GVST6X1RD0ITXHN2YQQBJVL9
2142,2391,3HA5ODM5KASK548Q22UIZOCLI5RSVK
2143,2392,3P520RYKCH6JMNLFLG75AR0AQEB5U7
2144,2393,3L7SUC0TTUU1E8U5F8A72MNPWKX0MP
2145,2394,3V8JSVE8YYQ0ZFYD6IXXH6C0ZVKYEY
2146,2395,37Y5RYYI0P5C9TDL2HV0N996YGZSXN
2147,2396,3KVQ0UJWPXLWERAKGGM6SFL7BUM5W6
2148,2397,3U74KRR67ML8CZCWPBDHZCEUYL3NTN
2149,2398,37NXA7GVST6X1RD0ITXHN2YQQBJLVZ
2150,2399,3X0EMNLXEPPNSCSYALQO4J7AVLKVP7
2151,2191,3PIOQ99R7YMNCCRLPG3R480WHZANUE
2152,2192,3538U0YQ1FURPQ1LC8OD9U1N2V53FG
2153,2193,38F60IALAGH5R3KPO5BJO0IHQSST0I
2154,2194,38VTL6WC4AD03W5KVH4UDC6NM2M5Y5
2155,2195,3D42WVSDH8VS5TY91TH3ZOX0BWZYFG
2156,2196,3QGTX7BCHP208MFPR36DRJFPSWQ5ZW
2157,2197,3HEADTGN2PS84P8DNDUD9E7PW38VRZ
2158,2198,3SR6AEG6W5TCJPPFWJ53299DRBCYHE
2159,2199,3KQC8JMJGCSB3MSR7YCDCFD0IAI3HE
